,Area,BHK,Bathroom,Alaknanda,Budh Vihar,Chittaranjan Park,Dilshad Garden,Dwarka Sector,Kailash Colony,Lajpat Nagar,Laxmi Nagar,Rohini Sector,Saket,Sarita Vihar,Yamuna Vihar
0,800.0,3,2.0,0,0,0,0,0,0,0,0,1,0,0,0
1,750.0,2,2.0,0,0,0,0,0,0,0,0,1,0,0,0
2,950.0,2,2.0,0,0,0,0,0,0,0,0,1,0,0,0
3,600.0,2,2.0,0,0,0,0,0,0,0,0,1,0,0,0
4,650.0,2,2.0,0,0,0,0,0,0,0,0,1,0,0,0
5,1300.0,4,3.0,0,0,0,0,0,0,0,0,1,0,0,0
6,1350.0,4,3.0,0,0,0,0,0,0,0,0,1,0,0,0
7,650.0,2,2.0,0,0,0,0,0,0,0,0,1,0,0,0
8,985.0,3,3.0,0,0,0,0,0,0,0,0,1,0,0,0
9,1300.0,4,4.0,0,0,0,0,0,0,0,0,1,0,0,0
10,1100.0,3,2.0,0,0,0,0,0,0,0,0,1,0,0,0
11,870.0,3,2.0,0,0,0,0,0,0,0,0,1,0,0,0
12,630.0,2,2.0,0,0,0,0,0,0,0,0,1,0,0,0
13,660.0,2,2.0,0,0,0,0,0,0,0,0,1,0,0,0
14,344.4448,2,2.0,0,0,0,0,0,0,0,0,1,0,0,0
15,660.0,2,2.0,0,0,0,0,0,0,0,0,1,0,0,0
16,550.0,2,2.0,0,0,0,0,0,0,0,0,1,0,0,0
17,1100.0,4,3.0,0,0,0,0,0,0,0,0,1,0,0,0
18,1150.0,3,3.0,0,0,0,0,0,0,0,0,1,0,0,0
19,650.0,2,2.0,0,0,0,0,0,0,0,0,1,0,0,0
20,850.0,2,2.0,0,0,0,0,0,0,0,0,1,0,0,0
21,900.0,3,2.0,0,0,0,0,0,0,0,0,1,0,0,0
22,430.556,1,1.0,0,0,0,0,0,0,0,0,1,0,0,0
23,900.0,2,2.0,0,0,0,0,0,0,0,0,1,0,0,0
24,914.9315,2,2.0,0,0,0,0,0,0,0,0,1,0,0,0
25,1100.0,3,3.0,0,0,0,0,0,0,0,0,1,0,0,0
26,800.0,3,2.0,0,0,0,0,0,0,0,0,1,0,0,0
27,500.0,1,1.0,0,0,0,0,0,0,0,0,1,0,0,0
28,28.0,2,2.0,0,0,0,0,0,0,0,0,1,0,0,0
29,2160.0,4,4.0,0,0,0,0,0,0,0,0,1,0,0,0
30,1500.0,1,2.556085918854415,0,0,0,0,0,0,1,0,0,0,0,0
31,800.0,2,2.0,0,0,0,0,0,0,1,0,0,0,0,0
32,900.0,2,2.0,0,0,0,0,0,0,1,0,0,0,0,0
33,1080.0,3,2.0,0,0,0,0,0,0,1,0,0,0,0,0
34,750.0,2,2.0,0,0,0,0,0,0,1,0,0,0,0,0
35,1450.0,3,3.0,0,0,0,0,0,0,1,0,0,0,0,0
36,900.0,2,2.0,0,0,0,0,0,0,1,0,0,0,0,0
37,810.0,2,2.0,0,0,0,0,0,0,1,0,0,0,0,0
38,1350.0,3,4.0,0,0,0,0,0,0,1,0,0,0,0,0
39,1710.0,3,3.0,0,0,0,0,0,0,1,0,0,0,0,0
40,1650.0,3,3.0,0,0,0,0,0,0,1,0,0,0,0,0
41,1280.0,2,2.0,0,0,0,0,0,0,1,0,0,0,0,0
42,1260.0,3,3.0,0,0,0,0,0,0,1,0,0,0,0,0
43,1130.0,2,2.0,0,0,0,0,0,0,1,0,0,0,0,0
44,600.0,2,2.0,0,0,0,0,0,0,1,0,0,0,0,0
45,850.0,2,2.0,0,0,0,0,0,0,1,0,0,0,0,0
46,1500.0,3,3.0,0,0,0,0,0,0,1,0,0,0,0,0
47,900.0,2,2.0,0,0,0,0,0,0,1,0,0,0,0,0
48,1000.0,3,3.0,0,0,0,0,0,0,1,0,0,0,0,0
49,900.0,2,2.0,0,0,0,0,0,0,1,0,0,0,0,0
50,2925.0,4,4.0,0,0,0,0,0,0,1,0,0,0,0,0
51,900.0,2,2.0,0,0,0,0,0,0,1,0,0,0,0,0
52,1600.0,3,3.0,0,0,0,0,0,0,1,0,0,0,0,0
53,1143.0,3,3.0,0,0,0,0,0,0,1,0,0,0,0,0
54,1150.0,3,3.0,0,0,0,0,0,0,1,0,0,0,0,0
55,1500.0,3,3.0,0,0,0,0,0,0,1,0,0,0,0,0
56,850.0,2,2.0,0,0,0,0,0,0,1,0,0,0,0,0
57,8000.0,4,5.0,0,0,0,0,0,0,1,0,0,0,0,0
58,890.0,2,2.0,0,0,0,0,0,0,1,0,0,0,0,0
59,1100.0,3,3.0,0,0,0,0,0,0,1,0,0,0,0,0
60,750.0,1,1.0,0,0,0,0,1,0,0,0,0,0,0,0
61,850.0,2,1.0,0,0,0,0,1,0,0,0,0,0,0,0
62,1350.0,3,2.0,0,0,0,0,1,0,0,0,0,0,0,0
63,1387.0,4,4.0,0,0,0,0,1,0,0,0,0,0,0,0
64,1050.0,3,2.0,0,0,0,0,1,0,0,0,0,0,0,0
65,1500.0,3,2.0,0,0,0,0,1,0,0,0,0,0,0,0
66,1200.0,3,3.0,0,0,0,0,1,0,0,0,0,0,0,0
67,700.0,2,1.0,0,0,0,0,1,0,0,0,0,0,0,0
68,1700.0,3,2.0,0,0,0,0,1,0,0,0,0,0,0,0
69,1550.0,3,2.0,0,0,0,0,1,0,0,0,0,0,0,0
70,1400.0,3,3.0,0,0,0,0,1,0,0,0,0,0,0,0
71,1900.0,4,4.0,0,0,0,0,1,0,0,0,0,0,0,0
72,2160.0,4,3.0,0,0,0,0,1,0,0,0,0,0,0,0
73,1700.0,4,3.0,0,0,0,0,1,0,0,0,0,0,0,0
74,1850.0,3,4.0,0,0,0,0,1,0,0,0,0,0,0,0
75,1800.0,4,2.0,0,0,0,0,1,0,0,0,0,0,0,0
76,1620.0,3,2.0,0,0,0,0,1,0,0,0,0,0,0,0
77,1800.0,4,3.0,0,0,0,0,1,0,0,0,0,0,0,0
78,1540.0,3,3.0,0,0,0,0,1,0,0,0,0,0,0,0
79,1600.0,3,3.0,0,0,0,0,1,0,0,0,0,0,0,0
80,1400.0,3,2.0,0,0,0,0,1,0,0,0,0,0,0,0
81,2300.0,4,4.0,0,0,0,0,1,0,0,0,0,0,0,0
82,1560.0,3,2.0,0,0,0,0,1,0,0,0,0,0,0,0
83,1500.0,3,3.0,0,0,0,0,1,0,0,0,0,0,0,0
84,1540.0,3,3.0,0,0,0,0,1,0,0,0,0,0,0,0
85,1050.0,2,2.0,0,0,0,0,1,0,0,0,0,0,0,0
86,1800.0,3,2.0,0,0,0,0,1,0,0,0,0,0,0,0
87,400.0,1,1.0,0,0,0,0,1,0,0,0,0,0,0,0
88,1150.0,3,2.0,0,0,0,0,1,0,0,0,0,0,0,0
89,1525.0,3,3.0,0,0,0,0,1,0,0,0,0,0,0,0
90,900.0,1,1.0,0,0,0,0,0,0,1,0,0,0,0,0
91,1450.0,3,3.0,0,0,0,0,0,0,1,0,0,0,0,0
92,1450.0,3,3.0,0,0,0,0,0,0,1,0,0,0,0,0
93,1260.0,3,3.0,0,0,0,0,0,0,1,0,0,0,0,0
94,2925.0,4,4.0,0,0,0,0,0,0,1,0,0,0,0,0
95,1710.0,3,3.0,0,0,0,0,0,0,1,0,0,0,0,0
96,1600.0,3,3.0,0,0,0,0,0,0,1,0,0,0,0,0
97,1500.0,3,3.0,0,0,0,0,0,0,1,0,0,0,0,0
98,2200.0,3,3.0,0,0,0,0,0,0,1,0,0,0,0,0
99,1350.0,3,3.0,0,0,0,0,0,0,1,0,0,0,0,0
100,1710.0,3,3.0,0,0,0,0,0,0,1,0,0,0,0,0
101,1350.0,3,3.0,0,0,0,0,0,0,1,0,0,0,0,0
102,1500.0,3,3.0,0,0,0,0,0,0,1,0,0,0,0,0
103,2880.0,4,5.0,0,0,0,0,0,0,1,0,0,0,0,0
104,2700.0,4,4.0,0,0,0,0,0,0,1,0,0,0,0,0
105,1400.0,3,3.0,0,0,0,0,0,0,1,0,0,0,0,0
106,1800.0,3,3.0,0,0,0,0,0,0,1,0,0,0,0,0
107,1400.0,3,3.0,0,0,0,0,0,0,1,0,0,0,0,0
108,1000.0,2,2.0,0,0,0,0,0,0,1,0,0,0,0,0
109,8000.0,4,5.0,0,0,0,0,0,0,1,0,0,0,0,0
110,1000.0,2,2.0,0,0,0,0,0,0,1,0,0,0,0,0
111,1700.0,3,3.0,0,0,0,0,0,0,1,0,0,0,0,0
112,1600.0,3,3.0,0,0,0,0,0,0,1,0,0,0,0,0
113,1350.0,3,3.0,0,0,0,0,0,0,1,0,0,0,0,0
114,1700.0,3,3.0,0,0,0,0,0,0,1,0,0,0,0,0
115,1400.0,3,3.0,0,0,0,0,0,0,1,0,0,0,0,0
116,1450.0,3,3.0,0,0,0,0,0,0,1,0,0,0,0,0
117,1350.0,3,3.0,0,0,0,0,0,0,1,0,0,0,0,0
118,1700.0,3,3.0,0,0,0,0,0,0,1,0,0,0,0,0
119,1600.0,3,3.0,0,0,0,0,0,0,1,0,0,0,0,0
120,1500.0,1,2.556085918854415,0,0,0,0,0,0,1,0,0,0,0,0
121,800.0,2,2.0,0,0,0,0,0,0,1,0,0,0,0,0
122,1710.0,3,3.0,0,0,0,0,0,0,1,0,0,0,0,0
123,1350.0,2,2.0,0,0,0,0,0,0,1,0,0,0,0,0
124,1500.0,3,3.0,0,0,0,0,0,0,1,0,0,0,0,0
125,750.0,2,2.0,0,0,0,0,0,0,1,0,0,0,0,0
126,850.0,2,2.0,0,0,0,0,0,0,1,0,0,0,0,0
127,1575.0,3,3.0,0,0,0,0,0,0,1,0,0,0,0,0
128,1675.0,3,3.0,0,0,0,0,0,0,1,0,0,0,0,0
129,1350.0,3,3.0,0,0,0,0,0,0,1,0,0,0,0,0
130,900.0,2,2.0,0,0,0,0,0,0,1,0,0,0,0,0
131,1800.0,3,3.0,0,0,0,0,0,0,1,0,0,0,0,0
132,900.0,2,2.0,0,0,0,0,0,0,1,0,0,0,0,0
133,900.0,2,2.0,0,0,0,0,0,0,1,0,0,0,0,0
134,900.0,2,2.0,0,0,0,0,0,0,1,0,0,0,0,0
135,800.0,2,2.0,0,0,0,0,0,0,1,0,0,0,0,0
136,1100.0,2,3.0,0,0,0,0,0,0,1,0,0,0,0,0
137,810.0,2,2.0,0,0,0,0,0,0,1,0,0,0,0,0
138,1500.0,3,3.0,0,0,0,0,0,0,1,0,0,0,0,0
139,900.0,2,2.0,0,0,0,0,0,0,1,0,0,0,0,0
140,825.0,2,2.0,0,0,0,0,0,0,1,0,0,0,0,0
141,900.0,2,2.0,0,0,0,0,0,0,1,0,0,0,0,0
142,875.0,2,2.0,0,0,0,0,0,0,1,0,0,0,0,0
143,1350.0,3,3.0,0,0,0,0,0,0,1,0,0,0,0,0
144,750.0,2,2.0,0,0,0,0,0,0,1,0,0,0,0,0
145,900.0,2,2.0,0,0,0,0,0,0,1,0,0,0,0,0
146,1350.0,3,3.0,0,0,0,0,0,0,1,0,0,0,0,0
147,900.0,2,2.0,0,0,0,0,0,0,1,0,0,0,0,0
148,1800.0,3,3.0,0,0,0,0,0,0,1,0,0,0,0,0
149,900.0,2,2.0,0,0,0,0,0,0,1,0,0,0,0,0
150,900.0,2,1.0,0,1,0,0,0,0,0,0,0,0,0,0
151,810.0,3,2.0,0,1,0,0,0,0,0,0,0,0,0,0
152,450.0,2,1.0,0,1,0,0,0,0,0,0,0,0,0,0
153,100.0,3,2.0,0,1,0,0,0,0,0,0,0,0,0,0
154,900.0,3,2.0,0,1,0,0,0,0,0,0,0,0,0,0
155,500.0,2,2.0,0,1,0,0,0,0,0,0,0,0,0,0
156,450.0,1,1.0,0,1,0,0,0,0,0,0,0,0,0,0
157,75.0,2,2.0,0,1,0,0,0,0,0,0,0,0,0,0
158,270.0,2,1.0,0,1,0,0,0,0,0,0,0,0,0,0
159,500.0,2,1.0,0,1,0,0,0,0,0,0,0,0,0,0
160,444.0,2,2.0,0,1,0,0,0,0,0,0,0,0,0,0
161,400.0,1,1.0,0,1,0,0,0,0,0,0,0,0,0,0
162,729.0,3,4.0,0,1,0,0,0,0,0,0,0,0,0,0
163,4050.0,6,3.0,0,1,0,0,0,0,0,0,0,0,0,0
164,2400.0,6,4.0,0,1,0,0,0,0,0,0,0,0,0,0
165,450.0,2,2.0,0,1,0,0,0,0,0,0,0,0,0,0
166,405.0,2,3.0,0,1,0,0,0,0,0,0,0,0,0,0
167,666.0,1,2.0,0,1,0,0,0,0,0,0,0,0,0,0
168,1000.0,2,2.0,0,0,0,0,0,0,0,0,1,0,0,0
169,1360.0,4,3.0,0,0,0,0,0,0,0,0,1,0,0,0
170,1550.0,4,3.0,0,0,0,0,0,0,0,0,1,0,0,0
171,850.0,3,2.0,0,0,0,0,0,0,0,0,1,0,0,0
172,2170.0,4,4.0,0,0,0,0,0,0,0,0,1,0,0,0
173,720.0,3,2.0,0,0,0,0,0,0,0,0,1,0,0,0
174,850.0,3,2.0,0,0,0,0,0,0,0,0,1,0,0,0
175,950.0,3,2.0,0,0,0,0,0,0,0,0,1,0,0,0
176,2300.0,4,4.0,0,0,0,0,0,0,0,0,1,0,0,0
177,1300.0,4,4.0,0,0,0,0,0,0,0,0,1,0,0,0
178,1100.0,3,2.0,0,0,0,0,0,0,0,0,1,0,0,0
179,1030.0,3,2.0,0,0,0,0,0,0,0,0,1,0,0,0
180,350.0,1,1.0,0,0,0,0,0,0,0,0,1,0,0,0
181,750.0,2,2.0,0,0,0,0,0,0,0,0,1,0,0,0
182,720.0,2,2.0,0,0,0,0,0,0,0,0,1,0,0,0
183,800.0,2,2.0,0,0,0,0,0,0,0,0,1,0,0,0
184,350.0,1,1.0,0,0,0,0,0,0,0,0,1,0,0,0
185,980.0,3,2.0,0,0,0,0,0,0,0,0,1,0,0,0
186,1600.0,4,3.0,0,0,0,0,0,0,0,0,1,0,0,0
187,1450.0,3,3.0,0,0,0,0,0,0,0,0,1,0,0,0
188,445.0,2,2.0,0,0,0,0,0,0,0,0,1,0,0,0
189,380.0,1,1.0,0,0,0,0,0,0,0,0,1,0,0,0
190,680.0,2,2.0,0,0,0,0,0,0,0,0,1,0,0,0
191,1600.0,3,3.0,0,0,0,0,0,0,0,0,1,0,0,0
192,630.0,2,2.0,0,0,0,0,0,0,0,0,1,0,0,0
193,1500.0,3,2.0,0,0,0,0,0,0,0,0,1,0,0,0
194,550.0,2,2.0,0,0,0,0,0,0,0,0,1,0,0,0
195,2500.0,4,3.0,0,0,0,0,0,0,0,0,1,0,0,0
196,2800.0,5,4.0,0,0,0,0,0,0,0,0,1,0,0,0
197,300.0,1,1.0,0,0,0,0,0,0,0,0,1,0,0,0
198,800.0,3,2.0,0,0,0,0,0,0,0,0,1,0,0,0
199,1295.0,3,2.0,0,0,0,0,0,0,0,0,1,0,0,0
200,700.0,3,2.0,0,0,0,0,0,0,0,0,1,0,0,0
201,350.0,1,1.0,0,0,0,0,0,0,0,0,1,0,0,0
202,450.0,2,2.0,0,0,0,0,0,0,0,0,1,0,0,0
203,2200.0,4,4.0,0,0,0,0,0,0,0,0,1,0,0,0
204,2300.0,4,4.0,0,0,0,0,0,0,0,0,1,0,0,0
205,1150.0,3,2.0,0,0,0,0,0,0,0,0,1,0,0,0
206,800.0,3,2.0,0,0,0,0,0,0,0,0,1,0,0,0
207,850.0,3,2.0,0,0,0,0,0,0,0,0,1,0,0,0
208,720.0,3,2.0,0,0,0,0,0,0,0,0,1,0,0,0
209,4688.0,5,4.0,0,0,0,0,0,0,0,0,1,0,0,0
210,750.0,2,2.0,0,0,0,0,0,0,0,0,1,0,0,0
211,3901.0,4,4.0,0,0,0,0,0,0,0,0,1,0,0,0
212,950.0,3,2.0,0,0,0,0,0,0,0,0,1,0,0,0
213,1000.0,3,2.0,0,0,0,0,0,0,0,0,1,0,0,0
214,850.0,2,1.0,0,0,0,0,0,0,0,0,1,0,0,0
215,2400.0,4,4.0,0,0,0,0,0,0,0,0,1,0,0,0
216,1350.0,3,2.0,0,0,0,0,0,0,0,0,1,0,0,0
217,540.0,2,2.0,0,0,0,0,0,0,0,0,1,0,0,0
218,1387.0,4,4.0,0,0,0,0,0,0,0,0,1,0,0,0
219,540.0,2,2.0,0,0,0,0,0,0,0,0,1,0,0,0
220,976.0,2,2.0,0,0,0,0,0,0,0,0,1,0,0,0
221,1050.0,3,2.0,0,0,0,0,0,0,0,0,1,0,0,0
222,2700.0,4,3.0,0,0,0,0,0,0,0,0,1,0,0,0
223,1500.0,3,2.0,0,0,0,0,0,0,0,0,1,0,0,0
224,2900.0,5,5.0,0,0,0,0,0,0,0,0,1,0,0,0
225,5025.0,5,6.0,0,0,0,0,0,0,0,0,1,0,0,0
226,1000.0,3,2.0,0,0,0,0,0,0,0,0,1,0,0,0
227,1135.0,3,3.0,0,0,0,0,0,0,0,0,1,0,0,0
228,2306.0,3,3.0,0,0,0,0,0,0,0,0,1,0,0,0
229,850.0,2,2.0,0,0,0,0,0,0,0,0,1,0,0,0
230,1200.0,3,3.0,0,0,0,0,0,0,0,0,1,0,0,0
231,1700.0,3,2.0,0,0,0,0,0,0,0,0,1,0,0,0
232,1800.0,4,3.0,0,0,0,0,0,0,0,0,1,0,0,0
233,1100.0,2,2.0,0,0,0,0,0,0,0,0,1,0,0,0
234,22050.0,4,4.0,0,0,0,0,0,0,0,0,1,0,0,0
235,1550.0,4,3.0,0,0,0,0,0,0,0,0,1,0,0,0
236,1600.0,3,3.0,0,0,0,0,0,0,0,0,1,0,0,0
237,700.0,2,2.0,0,0,0,0,0,0,0,0,1,0,0,0
238,45.0,4,3.0,0,0,0,0,0,0,0,0,1,0,0,0
239,3510.0,4,4.0,0,0,0,0,0,0,0,0,1,0,0,0
240,4500.0,4,4.0,0,0,0,0,0,0,0,0,1,0,0,0
241,1800.0,4,4.0,0,0,0,0,0,0,0,0,1,0,0,0
242,6000.0,5,5.0,0,0,0,0,0,0,0,0,1,0,0,0
243,4300.0,4,4.0,0,0,0,0,0,0,0,0,1,0,0,0
244,1700.0,3,3.0,0,0,0,0,0,0,0,0,1,0,0,0
245,2500.0,3,3.0,0,0,0,0,0,0,0,0,1,0,0,0
246,4500.0,4,4.0,0,0,0,0,0,0,0,0,1,0,0,0
247,2450.0,4,4.0,0,0,0,0,0,0,0,0,1,0,0,0
248,10350.0,4,7.0,0,0,0,0,0,0,0,0,1,0,0,0
249,4800.0,3,4.0,0,0,0,0,0,0,0,0,1,0,0,0
250,1600.0,3,3.0,0,0,0,0,0,0,0,0,1,0,0,0
251,3500.0,4,4.0,0,0,0,0,0,0,0,0,1,0,0,0
252,2100.0,4,5.0,0,0,0,0,0,0,0,0,1,0,0,0
253,4200.0,5,5.0,0,0,0,0,0,0,0,0,1,0,0,0
254,1500.0,3,3.0,0,0,0,0,0,0,0,0,1,0,0,0
255,8150.0,4,5.0,0,0,0,0,0,0,0,0,1,0,0,0
256,2200.0,4,4.0,0,0,0,0,0,0,0,0,1,0,0,0
257,3500.0,4,5.0,0,0,0,0,0,0,0,0,1,0,0,0
258,2070.0,3,3.0,0,0,0,0,0,0,0,0,1,0,0,0
259,3500.0,3,3.0,0,0,0,0,0,0,0,0,1,0,0,0
260,2000.0,4,4.0,0,0,0,0,0,0,0,0,1,0,0,0
261,2800.0,6,4.0,0,0,0,0,0,0,0,0,1,0,0,0
262,2550.0,4,4.0,0,0,0,0,0,0,0,0,1,0,0,0
263,4500.0,4,4.0,0,0,0,0,0,0,0,0,1,0,0,0
264,1400.0,3,3.0,0,0,0,0,0,0,0,0,1,0,0,0
265,2800.0,4,5.0,0,0,0,0,0,0,0,0,1,0,0,0
266,2700.0,4,4.0,0,0,0,0,0,0,0,0,1,0,0,0
267,4500.0,4,4.0,0,0,0,0,0,0,0,0,1,0,0,0
268,7200.0,4,4.0,0,0,0,0,0,0,0,0,1,0,0,0
269,2799.0,4,4.0,0,0,0,0,0,0,0,0,1,0,0,0
270,2650.0,4,4.0,0,0,0,0,0,1,0,0,0,0,0,0
271,2200.0,4,4.0,0,0,0,0,0,1,0,0,0,0,0,0
272,3500.0,5,5.0,0,0,0,0,0,1,0,0,0,0,0,0
273,2200.0,4,4.0,0,0,0,0,0,1,0,0,0,0,0,0
274,2200.0,4,4.0,0,0,0,0,0,1,0,0,0,0,0,0
275,3500.0,4,4.0,0,0,0,0,0,1,0,0,0,0,0,0
276,1440.0,3,3.0,0,0,0,0,0,1,0,0,0,0,0,0
277,3150.0,4,4.0,0,0,0,0,0,1,0,0,0,0,0,0
278,900.0,2,2.0,0,0,0,0,0,1,0,0,0,0,0,0
279,3690.0,4,5.0,0,0,0,0,0,1,0,0,0,0,0,0
280,1200.0,3,2.0,0,0,0,0,0,1,0,0,0,0,0,0
281,4500.0,4,4.0,0,0,0,0,0,1,0,0,0,0,0,0
282,2799.0,4,4.0,0,0,0,0,0,1,0,0,0,0,0,0
283,1350.0,3,3.0,0,0,0,0,0,1,0,0,0,0,0,0
284,1200.0,3,3.0,0,0,0,0,0,1,0,0,0,0,0,0
285,2177.0,4,5.0,0,0,0,0,0,1,0,0,0,0,0,0
286,1500.0,3,3.0,0,0,0,0,0,1,0,0,0,0,0,0
287,1600.0,3,3.0,0,0,0,0,0,1,0,0,0,0,0,0
288,4500.0,4,4.0,0,0,0,0,0,1,0,0,0,0,0,0
289,2150.0,4,4.0,0,0,0,0,0,1,0,0,0,0,0,0
290,2107.0,4,4.0,0,0,0,0,0,1,0,0,0,0,0,0
291,1150.0,3,3.0,0,0,0,0,0,1,0,0,0,0,0,0
292,1240.0,3,3.0,0,0,0,0,0,1,0,0,0,0,0,0
293,1000.0,2,2.0,0,0,0,0,0,1,0,0,0,0,0,0
294,4500.0,4,4.0,0,0,0,0,0,1,0,0,0,0,0,0
295,1150.0,3,3.0,0,0,0,0,0,1,0,0,0,0,0,0
296,2000.0,4,4.0,0,0,0,0,0,1,0,0,0,0,0,0
297,4500.0,4,5.0,0,0,0,0,0,1,0,0,0,0,0,0
298,3000.0,4,5.0,0,0,0,0,0,1,0,0,0,0,0,0
299,700.0,2,2.0,0,0,0,0,0,1,0,0,0,0,0,0
300,750.0,2,2.0,0,0,0,0,0,1,0,0,0,0,0,0
301,1350.0,4,3.0,0,0,0,0,0,1,0,0,0,0,0,0
302,900.0,2,2.0,0,0,0,0,0,1,0,0,0,0,0,0
303,970.0,3,2.0,0,0,0,0,0,1,0,0,0,0,0,0
304,1000.0,3,2.0,0,0,0,0,0,1,0,0,0,0,0,0
305,1425.0,3,3.0,0,0,0,0,0,1,0,0,0,0,0,0
306,440.0,2,2.0,0,0,0,0,0,1,0,0,0,0,0,0
307,1017.0,2,2.0,0,0,0,0,0,1,0,0,0,0,0,0
308,650.0,2,2.0,0,0,0,0,0,1,0,0,0,0,0,0
309,950.0,3,2.0,0,0,0,0,0,1,0,0,0,0,0,0
310,810.0,3,2.0,0,0,0,0,0,1,0,0,0,0,0,0
311,750.0,2,2.0,0,0,0,0,0,1,0,0,0,0,0,0
312,990.0,2,2.0,0,0,0,0,0,1,0,0,0,0,0,0
313,800.0,3,2.0,0,0,0,0,0,1,0,0,0,0,0,0
314,675.0,2,1.0,0,0,0,0,0,1,0,0,0,0,0,0
315,558.0,2,1.0,0,0,0,0,0,1,0,0,0,0,0,0
316,445.0,2,1.0,0,0,0,0,0,1,0,0,0,0,0,0
317,360.0,2,1.0,0,0,0,0,0,1,0,0,0,0,0,0
318,1350.0,4,3.0,0,0,0,0,0,1,0,0,0,0,0,0
319,850.0,3,2.0,0,0,0,0,0,1,0,0,0,0,0,0
320,846.0,2,1.0,0,0,0,0,0,1,0,0,0,0,0,0
321,1300.0,4,3.0,0,0,0,0,0,1,0,0,0,0,0,0
322,900.0,3,2.0,0,0,0,0,0,1,0,0,0,0,0,0
323,1050.0,3,2.0,0,0,0,0,0,1,0,0,0,0,0,0
324,850.0,2,2.0,0,0,0,0,0,1,0,0,0,0,0,0
325,1650.0,4,3.0,0,0,0,0,0,1,0,0,0,0,0,0
326,1150.0,2,2.0,0,0,0,0,0,1,0,0,0,0,0,0
327,495.1394,1,1.0,0,0,0,0,0,1,0,0,0,0,0,0
328,1053.0,3,2.0,0,0,0,0,0,1,0,0,0,0,0,0
329,810.0,3,2.0,0,0,0,0,0,0,0,0,0,0,0,1
330,750.0,1,2.0,0,0,0,0,0,0,0,0,0,0,0,1
331,540.0,2,1.0,0,0,0,0,0,0,0,0,0,0,0,1
332,747.0,2,2.0,0,0,0,0,0,0,0,0,0,0,0,1
333,720.0,2,1.0,0,0,0,0,0,0,0,0,0,0,0,1
334,376.7365,1,1.0,0,0,0,0,0,0,0,0,0,0,0,1
335,1125.0,2,2.0,0,0,0,0,0,0,0,0,0,0,0,1
336,713.0,2,2.0,0,0,0,0,0,0,0,0,0,0,0,1
337,360.0,1,1.0,0,0,0,0,0,0,0,0,0,0,0,1
338,900.0,2,2.0,0,0,0,0,0,0,0,0,0,0,0,1
339,713.0,3,1.0,0,0,0,0,0,0,0,0,0,0,0,1
340,504.0,2,1.0,0,0,0,0,0,0,0,0,0,0,0,1
341,70.0,1,2.0,0,0,0,0,0,0,0,0,0,0,0,1
342,850.0,3,2.0,0,0,0,0,0,0,0,0,0,0,0,1
343,2430.0,4,3.0,0,0,0,0,0,0,0,0,0,0,0,1
344,2475.0,3,3.0,0,0,0,0,0,0,0,0,0,0,0,1
345,2970.0,7,4.0,0,0,0,0,0,0,0,0,0,0,0,1
346,2250.0,3,2.0,0,0,0,0,0,0,0,0,0,0,0,1
347,1500.0,5,3.0,0,0,0,0,0,0,0,0,0,0,0,1
348,1512.0,2,2.0,0,0,0,0,0,0,0,0,0,0,0,1
349,400.0,2,2.0,0,0,0,0,0,0,0,0,0,0,0,1
350,2160.0,3,3.0,0,0,0,0,0,0,0,0,0,0,0,1
351,630.0,3,2.0,0,0,0,0,0,0,0,0,0,0,0,1
352,324.0,6,3.0,0,0,0,0,0,0,0,0,0,0,0,1
353,720.0,6,5.0,0,0,0,0,0,0,0,0,0,0,0,1
354,675.0,4,2.0,0,0,0,0,0,0,0,0,0,0,0,1
355,700.0,2,1.0,0,0,0,0,0,0,0,0,0,0,0,1
356,675.0,4,3.0,0,0,0,0,0,0,0,0,0,0,0,1
357,720.0,4,2.0,0,0,0,0,0,0,0,0,0,0,0,1
358,850.0,2,2.0,0,0,0,0,0,0,0,0,0,0,0,1
359,801.0,3,2.0,0,0,0,0,0,0,0,1,0,0,0,0
360,450.0,1,2.0,0,0,0,0,0,0,0,1,0,0,0,0
361,1000.0,3,2.0,0,0,0,0,0,0,0,1,0,0,0,0
362,990.0,3,2.0,0,0,0,0,0,0,0,1,0,0,0,0
363,420.0,2,1.0,0,0,0,0,0,0,0,1,0,0,0,0
364,450.0,2,1.0,0,0,0,0,0,0,0,1,0,0,0,0
365,1000.0,2,2.0,0,0,0,0,0,0,0,1,0,0,0,0
366,900.0,3,2.0,0,0,0,0,0,0,0,1,0,0,0,0
367,800.0,3,2.0,0,0,0,0,0,0,0,1,0,0,0,0
368,720.0,3,3.0,0,0,0,0,0,0,0,1,0,0,0,0
369,450.0,2,1.0,0,0,0,0,0,0,0,1,0,0,0,0
370,675.0,2,2.0,0,0,0,0,0,0,0,1,0,0,0,0
371,1700.0,4,3.0,0,0,0,0,0,0,0,1,0,0,0,0
372,550.0,2,2.0,0,0,0,0,0,0,0,1,0,0,0,0
373,387.0,1,2.0,0,0,0,0,0,0,0,1,0,0,0,0
374,450.0,2,1.0,0,0,0,0,0,0,0,1,0,0,0,0
375,900.0,4,2.0,0,0,0,0,0,0,0,1,0,0,0,0
376,500.0,2,1.0,0,0,0,0,0,0,0,1,0,0,0,0
377,441.0,2,1.0,0,0,0,0,0,0,0,1,0,0,0,0
378,800.0,3,2.0,0,0,0,0,0,0,0,1,0,0,0,0
379,450.0,2,2.0,0,0,0,0,0,0,0,1,0,0,0,0
380,1000.0,3,3.0,0,0,0,0,0,0,0,1,0,0,0,0
381,715.0,2,2.0,0,0,0,0,0,0,0,1,0,0,0,0
382,600.0,2,2.0,0,0,0,0,0,0,0,1,0,0,0,0
383,540.0,2,1.0,0,0,0,0,0,0,0,1,0,0,0,0
384,312.0,4,4.0,0,0,0,0,0,0,0,1,0,0,0,0
385,810.0,3,2.0,0,0,0,0,0,0,0,1,0,0,0,0
386,270.0,1,1.0,0,0,0,0,0,0,0,1,0,0,0,0
387,900.0,3,2.0,0,0,0,0,0,0,0,1,0,0,0,0
388,1000.0,3,2.0,0,0,0,0,0,0,0,1,0,0,0,0
389,540.0,2,2.0,0,0,0,0,0,0,0,1,0,0,0,0
390,950.0,3,2.0,0,0,0,0,0,0,0,1,0,0,0,0
391,1000.0,3,2.0,0,0,0,0,0,0,0,1,0,0,0,0
392,540.0,2,2.0,0,0,0,0,0,0,0,1,0,0,0,0
393,540.0,2,2.0,0,0,0,0,0,0,0,1,0,0,0,0
394,1000.0,3,2.0,0,0,0,0,0,0,0,1,0,0,0,0
395,500.0,2,2.0,0,0,0,0,0,0,0,1,0,0,0,0
396,540.0,2,2.0,0,0,0,0,0,0,0,1,0,0,0,0
397,780.0,3,2.0,0,0,0,0,0,0,0,1,0,0,0,0
398,450.0,2,1.0,0,0,0,0,0,0,0,1,0,0,0,0
399,360.0,1,1.0,0,0,0,0,0,0,0,1,0,0,0,0
400,900.0,3,2.0,0,0,0,0,0,0,0,1,0,0,0,0
401,495.0,2,2.0,0,0,0,0,0,0,0,1,0,0,0,0
402,1200.0,4,3.0,0,0,0,0,0,0,0,1,0,0,0,0
403,1000.0,3,2.0,0,0,0,0,0,0,0,1,0,0,0,0
404,620.0,2,2.0,0,0,0,0,0,0,0,1,0,0,0,0
405,680.0,3,2.0,0,0,0,0,0,0,0,1,0,0,0,0
406,805.0,2,2.0,0,0,0,0,0,0,0,1,0,0,0,0
407,729.0,2,2.0,0,0,0,0,0,0,0,1,0,0,0,0
408,540.0,2,2.0,0,0,0,0,0,0,0,1,0,0,0,0
409,360.0,1,1.0,0,0,0,0,0,0,0,1,0,0,0,0
410,550.0,2,2.0,0,0,0,0,0,0,0,1,0,0,0,0
411,1001.0,3,2.0,0,0,0,0,0,0,0,1,0,0,0,0
412,450.0,2,2.0,0,0,0,0,0,0,0,1,0,0,0,0
413,550.0,2,1.0,0,0,0,0,0,0,0,1,0,0,0,0
414,550.0,2,2.0,0,0,0,0,0,0,0,1,0,0,0,0
415,675.0,2,1.0,0,0,0,0,0,0,0,1,0,0,0,0
416,585.0,2,2.0,0,0,0,0,0,0,0,1,0,0,0,0
417,810.0,3,2.0,0,0,0,0,0,0,0,1,0,0,0,0
418,765.0,3,2.0,0,0,0,0,0,0,0,1,0,0,0,0
419,4688.0,5,4.0,0,0,0,0,0,0,0,1,0,0,0,0
420,3901.0,4,4.0,0,0,0,0,0,0,0,1,0,0,0,0
421,70.0,2,3.0,0,0,0,0,0,0,0,1,0,0,0,0
422,800.0,3,2.0,0,0,0,0,0,0,0,1,0,0,0,0
423,900.0,3,2.0,0,0,0,0,0,0,0,1,0,0,0,0
424,1680.0,4,5.0,0,0,0,0,0,0,0,1,0,0,0,0
425,900.0,2,2.0,0,0,0,0,0,0,0,1,0,0,0,0
426,2000.0,3,3.0,0,0,0,0,0,0,0,1,0,0,0,0
427,2000.0,4,4.0,0,0,0,0,0,0,0,1,0,0,0,0
428,1900.0,3,3.0,0,0,0,0,0,0,0,1,0,0,0,0
429,1530.0,3,3.0,0,0,0,0,0,0,0,1,0,0,0,0
430,100.0,3,2.0,0,0,0,0,0,0,0,1,0,0,0,0
431,900.0,3,2.0,0,0,0,0,0,0,0,1,0,0,0,0
432,270.0,1,1.0,0,0,0,0,0,0,0,1,0,0,0,0
433,950.0,2,2.0,0,0,0,0,0,0,0,1,0,0,0,0
434,1800.0,3,3.0,0,0,0,0,0,0,0,1,0,0,0,0
435,1500.0,3,3.0,0,0,0,0,0,0,0,1,0,0,0,0
436,1800.0,3,3.0,0,0,0,0,0,0,0,1,0,0,0,0
437,1800.0,3,3.0,0,0,0,0,0,0,0,1,0,0,0,0
438,2306.0,3,3.0,0,0,0,0,0,0,0,1,0,0,0,0
439,850.0,2,3.0,0,0,0,0,0,0,0,1,0,0,0,0
440,140.0,3,2.0,0,0,0,0,0,0,0,1,0,0,0,0
441,900.0,3,2.0,0,0,0,0,0,0,0,1,0,0,0,0
442,1800.0,3,3.0,0,0,0,0,0,0,0,1,0,0,0,0
443,200.0,1,1.0,0,0,0,0,0,0,0,1,0,0,0,0
444,1782.0,3,3.0,0,0,0,0,0,0,0,1,0,0,0,0
445,900.0,2,2.0,0,0,0,0,0,0,0,1,0,0,0,0
446,405.0,2,1.0,0,0,0,0,0,0,0,1,0,0,0,0
447,1500.0,3,3.0,0,0,0,0,0,0,0,1,0,0,0,0
448,66.0,3,1.0,0,0,0,0,0,0,0,1,0,0,0,0
449,2000.0,4,4.0,0,0,0,0,0,0,0,1,0,0,0,0
450,1200.0,3,2.0,0,0,0,0,0,0,0,1,0,0,0,0
451,1100.0,2,2.0,0,0,0,0,0,0,0,1,0,0,0,0
452,1400.0,3,2.0,0,0,0,0,0,0,0,1,0,0,0,0
453,1600.0,3,2.0,0,0,0,0,0,0,0,1,0,0,0,0
454,1600.0,4,3.0,0,0,0,0,0,0,0,1,0,0,0,0
455,600.0,1,1.0,0,0,0,0,0,0,0,1,0,0,0,0
456,1600.0,3,2.0,0,0,0,0,0,0,0,1,0,0,0,0
457,2000.0,3,3.0,0,0,0,0,0,0,0,1,0,0,0,0
458,650.0,1,2.0,0,0,0,0,0,0,0,1,0,0,0,0
459,1100.0,2,2.0,0,0,0,0,0,0,0,1,0,0,0,0
460,1075.0,2,2.0,0,0,0,0,0,0,0,1,0,0,0,0
461,1450.0,3,2.0,0,0,0,0,0,0,0,1,0,0,0,0
462,1200.0,3,2.0,0,0,0,0,0,0,0,1,0,0,0,0
463,600.0,1,2.0,0,0,0,0,0,0,0,1,0,0,0,0
464,1000.0,2,2.0,0,0,0,0,0,0,0,1,0,0,0,0
465,1600.0,3,2.0,0,0,0,0,0,0,0,1,0,0,0,0
466,1750.0,4,4.0,0,0,0,0,0,0,0,1,0,0,0,0
467,1300.0,3,3.0,0,0,0,0,0,0,0,1,0,0,0,0
468,550.0,1,2.0,0,0,0,0,0,0,0,1,0,0,0,0
469,2200.0,4,3.0,0,0,0,0,0,0,0,1,0,0,0,0
470,1100.0,2,2.0,0,0,0,0,0,0,0,1,0,0,0,0
471,1700.0,3,2.0,0,0,0,0,0,0,0,1,0,0,0,0
472,1100.0,2,2.0,0,0,0,0,0,0,0,1,0,0,0,0
473,1000.0,2,2.0,0,0,0,0,0,0,0,1,0,0,0,0
474,1350.0,3,2.0,0,0,0,0,0,0,0,1,0,0,0,0
475,1184.0,2,2.0,0,0,0,0,0,0,0,1,0,0,0,0
476,2000.0,4,2.0,0,0,0,0,0,0,0,1,0,0,0,0
477,3500.0,4,4.0,0,0,0,0,0,0,0,1,0,0,0,0
478,900.0,3,3.0,0,0,0,0,0,0,0,1,0,0,0,0
479,4688.0,5,4.0,0,0,0,0,0,0,0,1,0,0,0,0
480,750.0,2,2.0,0,0,0,0,0,0,0,1,0,0,0,0
481,3901.0,4,4.0,0,0,0,0,0,0,0,1,0,0,0,0
482,950.0,3,2.0,0,0,0,0,0,0,0,1,0,0,0,0
483,1000.0,3,2.0,0,0,0,0,0,0,0,1,0,0,0,0
484,850.0,2,1.0,0,0,0,0,0,0,0,1,0,0,0,0
485,2400.0,4,4.0,0,0,0,0,0,0,0,1,0,0,0,0
486,1350.0,3,2.0,0,0,0,0,0,0,0,1,0,0,0,0
487,540.0,2,2.0,0,0,0,0,0,0,0,1,0,0,0,0
488,1387.0,4,4.0,0,0,0,0,0,0,0,1,0,0,0,0
489,540.0,2,2.0,0,0,0,0,0,0,0,1,0,0,0,0
490,976.0,2,2.0,0,0,0,0,0,0,0,1,0,0,0,0
491,1050.0,3,2.0,0,0,0,0,0,0,0,1,0,0,0,0
492,2700.0,4,3.0,0,0,0,0,0,0,0,1,0,0,0,0
493,1500.0,3,2.0,0,0,0,0,0,0,0,1,0,0,0,0
494,2900.0,5,5.0,0,0,0,0,0,0,0,1,0,0,0,0
495,5025.0,5,6.0,0,0,0,0,0,0,0,1,0,0,0,0
496,1000.0,3,2.0,0,0,0,0,0,0,0,1,0,0,0,0
497,1135.0,3,3.0,0,0,0,0,0,0,0,1,0,0,0,0
498,2306.0,3,3.0,0,0,0,0,0,0,0,1,0,0,0,0
499,850.0,2,2.0,0,0,0,0,0,0,0,1,0,0,0,0
500,1200.0,3,3.0,0,0,0,0,0,0,0,1,0,0,0,0
501,1700.0,3,2.0,0,0,0,0,0,0,0,1,0,0,0,0
502,1800.0,4,3.0,0,0,0,0,0,0,0,1,0,0,0,0
503,1100.0,2,2.0,0,0,0,0,0,0,0,1,0,0,0,0
504,22050.0,4,4.0,0,0,0,0,0,0,0,1,0,0,0,0
505,1550.0,4,3.0,0,0,0,0,0,0,0,1,0,0,0,0
506,1600.0,3,3.0,0,0,0,0,0,0,0,1,0,0,0,0
507,700.0,2,2.0,0,0,0,0,0,0,0,1,0,0,0,0
508,45.0,4,3.0,0,0,0,0,0,0,0,1,0,0,0,0
509,450.0,2,2.0,0,0,0,0,0,0,0,1,0,0,0,0
510,540.0,5,2.0,0,0,0,0,0,0,0,1,0,0,0,0
511,1350.0,3,3.0,0,0,0,0,0,0,0,1,0,0,0,0
512,2250.0,3,2.0,0,0,0,0,0,0,0,1,0,0,0,0
513,1250.0,2,1.0,0,0,0,0,0,0,0,1,0,0,0,0
514,504.0,3,1.0,0,0,0,0,0,0,0,1,0,0,0,0
515,65.0,3,2.0,0,0,0,0,0,0,0,1,0,0,0,0
516,450.0,2,1.0,0,0,0,0,0,0,0,1,0,0,0,0
517,1800.0,4,2.0,0,0,0,0,0,0,0,1,0,0,0,0
518,1800.0,4,3.0,0,0,0,0,0,0,0,1,0,0,0,0
519,1530.0,5,2.0,0,0,0,0,0,0,0,1,0,0,0,0
520,1750.0,4,4.0,0,0,0,0,0,0,0,1,0,0,0,0
521,2210.0,4,3.0,0,0,0,0,0,0,0,1,0,0,0,0
522,760.0,3,2.0,0,0,0,0,0,0,0,1,0,0,0,0
523,400.0,2,1.0,0,0,0,0,0,0,0,1,0,0,0,0
524,380.0,1,1.0,0,0,0,0,0,0,0,1,0,0,0,0
525,904.1676,2,2.0,0,0,0,0,0,0,0,1,0,0,0,0
526,900.0,4,1.0,0,0,0,0,0,0,0,1,0,0,0,0
527,810.0,5,6.0,0,0,0,0,0,0,0,1,0,0,0,0
528,100.0,3,2.0,0,0,0,0,0,0,0,1,0,0,0,0
529,50.0,2,1.0,0,0,0,0,0,0,0,1,0,0,0,0
530,58.0,2,1.0,0,0,0,0,0,0,0,1,0,0,0,0
531,900.0,2,1.0,0,0,0,0,0,0,0,1,0,0,0,0
532,1650.0,4,3.0,0,0,0,0,0,0,0,1,0,0,0,0
533,1000.0,2,2.0,0,0,0,0,0,0,0,1,0,0,0,0
534,852.0,2,2.0,0,0,0,0,0,0,0,1,0,0,0,0
535,700.0,2,2.0,0,0,0,0,0,0,0,1,0,0,0,0
536,990.0,3,2.0,0,0,0,0,0,0,0,1,0,0,0,0
537,450.0,2,1.0,0,0,0,0,0,0,0,1,0,0,0,0
538,1000.0,2,2.0,0,0,0,0,0,0,0,1,0,0,0,0
539,1700.0,4,3.0,0,0,0,0,0,0,0,1,0,0,0,0
540,1350.0,3,2.0,0,0,0,0,0,0,0,1,0,0,0,0
541,2100.0,4,3.0,0,0,0,0,0,0,0,0,0,1,0,0
542,2600.0,4,4.0,0,0,0,0,0,0,0,0,0,1,0,0
543,3000.0,4,5.0,0,0,0,0,0,0,0,0,0,1,0,0
544,1450.0,3,3.0,0,0,0,0,0,0,0,0,0,1,0,0
545,2050.0,4,4.0,0,0,0,0,0,0,0,0,0,1,0,0
546,3000.0,4,5.0,0,0,0,0,0,0,0,0,0,1,0,0
547,1800.0,3,3.0,0,0,0,0,0,0,0,0,0,1,0,0
548,900.0,3,2.0,0,0,0,0,0,0,0,0,0,1,0,0
549,1500.0,3,2.0,0,0,0,0,0,0,0,0,0,1,0,0
550,1500.0,3,2.0,0,0,0,0,0,0,0,0,0,1,0,0
551,1800.0,4,4.0,0,0,0,0,0,0,0,0,0,1,0,0
552,1674.0,3,3.0,0,0,0,0,0,0,0,0,0,1,0,0
553,2025.0,4,3.0,0,0,0,0,0,0,0,0,0,1,0,0
554,1300.0,3,3.0,0,0,0,0,0,0,0,0,0,1,0,0
555,990.0,3,3.0,0,0,0,0,0,0,0,0,0,1,0,0
556,2100.0,3,4.0,0,0,0,0,0,0,0,0,0,1,0,0
557,2250.0,4,4.0,0,0,0,0,0,0,0,0,0,1,0,0
558,1500.0,3,3.0,0,0,0,0,0,0,0,0,0,1,0,0
559,2700.0,4,4.0,0,0,0,0,0,0,0,0,0,1,0,0
560,1700.0,3,3.0,0,0,0,0,0,0,0,0,0,1,0,0
561,1700.0,3,3.0,0,0,0,0,0,0,0,0,0,1,0,0
562,2050.0,4,4.0,0,0,0,0,0,0,0,0,0,1,0,0
563,1800.0,3,3.0,0,0,0,0,0,0,0,0,0,1,0,0
564,1500.0,3,2.0,0,0,0,0,0,0,0,0,0,1,0,0
565,2000.0,4,3.0,0,0,0,0,0,0,0,0,0,1,0,0
566,1500.0,3,3.0,0,0,0,0,0,0,0,0,0,1,0,0
567,24300.0,4,5.0,0,0,0,0,0,0,0,0,0,1,0,0
568,2475.0,4,4.0,0,0,0,0,0,0,0,0,0,1,0,0
569,1800.0,3,3.0,0,0,0,0,0,0,0,0,0,1,0,0
570,1300.0,3,3.0,0,0,0,0,0,0,0,0,0,1,0,0
571,1500.0,3,3.0,0,0,0,0,0,0,0,0,0,1,0,0
572,2100.0,4,4.0,0,0,0,0,0,0,0,0,0,1,0,0
573,1800.0,4,4.0,0,0,0,0,0,0,0,0,0,1,0,0
574,1100.0,2,2.0,0,0,0,0,0,0,0,0,0,1,0,0
575,2035.0,4,4.0,0,0,0,0,0,0,0,0,0,1,0,0
576,1100.0,3,3.0,0,0,0,0,0,0,0,0,0,1,0,0
577,1550.0,3,3.0,0,0,0,0,0,0,0,0,0,1,0,0
578,700.0,2,2.0,0,0,0,0,0,0,0,0,0,1,0,0
579,150.0,2,1.0,0,0,0,0,0,0,0,0,0,1,0,0
580,540.0,1,1.0,0,0,0,0,0,0,0,0,0,1,0,0
581,810.0,2,2.0,0,0,0,0,0,0,0,0,0,1,0,0
582,3250.0,4,4.0,0,0,0,0,0,0,0,0,0,1,0,0
583,1600.0,3,3.0,0,0,0,0,0,0,0,0,0,1,0,0
584,4000.0,4,4.0,0,0,0,0,0,0,0,0,0,1,0,0
585,5500.0,6,7.0,0,0,0,0,0,0,0,0,0,1,0,0
586,900.0,3,3.0,0,0,0,0,0,0,0,0,0,1,0,0
587,972.0,2,2.0,0,0,0,0,0,0,0,0,0,1,0,0
588,4150.0,4,4.0,0,0,0,0,0,0,0,0,0,1,0,0
589,2250.0,4,5.0,0,0,0,0,0,0,0,0,0,1,0,0
590,1650.0,3,3.0,0,0,0,0,0,0,0,0,0,1,0,0
591,2610.0,4,4.0,0,0,0,0,0,0,0,0,0,1,0,0
592,600.0,2,2.0,0,0,0,0,0,0,0,0,0,1,0,0
593,1700.0,4,5.0,0,0,0,0,0,0,0,0,0,1,0,0
594,2250.0,4,4.0,0,0,0,0,0,0,0,0,0,1,0,0
595,880.0,3,2.0,0,0,0,0,0,0,0,0,0,1,0,0
596,4200.0,4,5.0,0,0,0,0,0,0,0,0,0,1,0,0
597,1450.0,3,3.0,0,0,0,0,0,0,0,0,0,1,0,0
598,2200.0,4,4.0,0,0,0,0,0,0,0,0,0,1,0,0
599,1620.0,3,3.0,0,0,0,0,0,0,0,0,0,1,0,0
600,1078.0,3,2.0,0,0,0,0,0,0,0,0,0,1,0,0
601,1710.0,3,3.0,0,0,0,0,0,0,0,0,0,1,0,0
602,1150.0,3,3.0,0,0,0,0,0,0,0,0,0,1,0,0
603,450.0,2,2.0,0,0,0,0,0,0,0,0,0,1,0,0
604,1818.0,3,3.0,0,0,0,0,0,0,0,0,0,1,0,0
605,1800.0,3,2.0,0,0,0,0,0,0,0,0,0,1,0,0
606,780.0,2,2.0,0,0,0,0,0,0,0,0,0,1,0,0
607,405.0,1,1.0,0,0,0,0,0,0,0,0,0,1,0,0
608,900.0,2,3.0,0,0,0,0,0,0,0,0,0,1,0,0
609,807.2925,2,2.0,0,0,0,0,0,0,0,0,0,1,0,0
610,2700.0,4,3.0,0,0,0,0,0,0,0,0,0,1,0,0
611,1100.0,3,2.0,0,0,0,0,0,0,0,0,0,1,0,0
612,585.0,2,2.0,0,0,0,0,0,0,0,0,0,1,0,0
613,2152.78,3,3.0,0,0,0,0,0,0,0,0,0,1,0,0
614,960.0,2,2.0,0,0,0,0,0,0,0,0,0,1,0,0
615,1800.0,4,3.0,0,0,0,0,0,0,0,0,0,1,0,0
616,1100.0,3,2.0,0,0,0,0,0,0,0,0,0,1,0,0
617,900.0,2,2.0,0,0,0,0,0,0,0,0,0,1,0,0
618,1620.0,3,3.0,0,0,0,0,0,0,0,0,0,1,0,0
619,378.0,1,1.0,0,0,0,0,0,0,0,0,0,1,0,0
620,800.0,3,2.0,0,0,0,0,0,0,0,0,0,1,0,0
621,1350.0,3,3.0,0,0,0,0,0,0,0,0,0,1,0,0
622,850.0,3,3.0,0,0,0,0,0,0,0,0,0,1,0,0
623,1580.0,3,2.0,0,0,0,0,0,0,0,0,0,1,0,0
624,820.0,2,3.0,0,0,0,0,0,0,0,0,0,1,0,0
625,594.0,2,1.0,0,0,0,0,0,0,0,0,0,1,0,0
626,14220.0,3,3.0,0,0,0,0,0,0,0,0,0,1,0,0
627,800.0,3,2.0,0,0,0,0,0,0,0,0,0,1,0,0
628,1500.0,3,2.0,0,0,0,0,0,0,0,0,0,1,0,0
629,1600.0,3,3.0,0,0,0,0,0,0,0,0,0,1,0,0
630,1650.0,3,3.0,0,0,0,0,0,0,0,0,0,1,0,0
631,1600.0,3,3.0,0,0,0,0,0,0,0,0,0,1,0,0
632,1900.0,3,3.0,0,0,0,0,0,0,0,0,0,1,0,0
633,1400.0,3,2.0,0,0,0,0,0,0,0,0,0,1,0,0
634,1550.0,3,2.0,0,0,0,0,0,0,0,0,0,1,0,0
635,2000.0,4,3.0,0,0,0,0,0,0,0,0,0,1,0,0
636,1500.0,3,3.0,0,0,0,0,0,0,0,0,0,1,0,0
637,1550.0,3,2.0,0,0,0,0,0,0,0,0,0,1,0,0
638,1600.0,3,2.0,0,0,0,0,0,0,0,0,0,1,0,0
639,1600.0,3,3.0,0,0,0,0,0,0,0,0,0,1,0,0
640,1800.0,3,2.0,0,0,0,0,0,0,0,0,0,1,0,0
641,1470.0,3,2.0,0,0,0,0,0,0,0,0,0,1,0,0
642,1500.0,3,2.0,0,0,0,0,0,0,0,0,0,1,0,0
643,1750.0,3,3.0,0,0,0,0,0,0,0,0,0,1,0,0
644,1650.0,3,3.0,0,0,0,0,0,0,0,0,0,1,0,0
645,1850.0,3,2.0,0,0,0,0,0,0,0,0,0,1,0,0
646,1480.0,3,2.0,0,0,0,0,0,0,0,0,0,1,0,0
647,1214.0,2,2.0,0,0,0,0,0,0,0,0,0,1,0,0
648,1380.0,3,2.0,0,0,0,0,0,0,0,0,0,1,0,0
649,1600.0,4,2.0,0,0,0,0,0,0,0,0,0,1,0,0
650,1585.0,3,3.0,0,0,0,0,0,0,0,0,0,1,0,0
651,1700.0,3,3.0,0,0,0,0,0,0,0,0,0,1,0,0
652,1200.0,2,2.0,0,0,0,0,0,0,0,0,0,1,0,0
653,1800.0,4,3.0,0,0,0,0,0,0,0,0,0,1,0,0
654,1000.0,2,2.0,0,0,0,0,0,0,0,0,0,1,0,0
655,1500.0,3,2.0,0,0,0,0,0,0,0,0,0,1,0,0
656,1700.0,3,2.0,0,0,0,0,0,0,0,0,0,1,0,0
657,1750.0,3,2.0,0,0,0,0,0,0,0,0,0,1,0,0
658,2700.0,4,3.0,0,0,0,0,0,0,0,0,0,1,0,0
659,3050.0,5,6.0,0,0,0,0,0,0,0,0,0,1,0,0
660,3405.0,5,5.0,0,0,0,0,0,0,0,0,0,1,0,0
661,1500.0,3,3.0,0,0,0,0,0,0,0,0,0,1,0,0
662,2105.0,3,3.0,0,0,0,0,0,0,0,0,0,1,0,0
663,2500.0,4,5.0,0,0,0,0,0,0,0,0,0,1,0,0
664,2090.0,3,4.0,0,0,0,0,0,0,0,0,0,1,0,0
665,2525.0,4,5.0,0,0,0,0,0,0,0,0,0,1,0,0
666,2500.0,4,4.0,0,0,0,0,0,0,0,0,0,1,0,0
667,2100.0,3,4.0,0,0,0,0,0,0,0,0,0,1,0,0
668,2022.0,3,3.0,0,0,0,0,0,0,0,0,0,1,0,0
669,2650.0,4,5.0,0,0,0,0,0,0,0,0,0,1,0,0
670,1850.0,3,3.0,0,0,0,0,0,0,0,0,0,1,0,0
671,2100.0,3,3.0,0,0,0,0,0,0,0,0,0,1,0,0
672,1700.0,3,4.0,0,0,0,0,0,0,0,0,0,1,0,0
673,2105.0,3,3.0,0,0,0,0,0,0,0,0,0,1,0,0
674,1250.0,2,3.0,0,0,0,0,0,0,0,0,0,1,0,0
675,2552.0,4,5.0,0,0,0,0,0,0,0,0,0,1,0,0
676,3112.0,5,6.0,0,0,0,0,0,0,0,0,0,1,0,0
677,2125.0,3,3.0,0,0,0,0,0,0,0,0,0,1,0,0
678,2065.0,3,4.0,0,0,0,0,0,0,0,0,0,1,0,0
679,3405.0,5,4.0,0,0,0,0,0,0,0,0,0,1,0,0
680,3050.0,5,5.0,0,0,0,0,0,0,0,0,0,1,0,0
681,2300.0,5,6.0,0,0,0,0,0,0,0,0,0,1,0,0
682,1455.0,2,2.0,0,0,0,0,0,0,0,0,0,1,0,0
683,3400.0,5,5.0,0,0,0,0,0,0,0,0,0,1,0,0
684,3100.0,5,5.0,0,0,0,0,0,0,0,0,0,1,0,0
685,1400.0,2,3.0,0,0,0,0,0,0,0,0,0,1,0,0
686,2126.0,3,3.0,0,0,0,0,0,0,0,0,0,1,0,0
687,1815.0,3,3.0,0,0,0,0,0,0,0,0,0,1,0,0
688,1700.0,3,3.0,0,0,0,0,0,0,0,0,0,1,0,0
689,700.0,2,2.0,0,0,0,0,0,0,0,0,0,1,0,0
690,980.0,2,2.0,0,0,0,0,0,0,0,0,0,1,0,0
691,1350.0,3,3.0,0,0,0,0,0,0,0,0,0,1,0,0
692,1800.0,3,3.0,0,0,0,0,0,0,0,0,0,1,0,0
693,968.7510000000001,2,2.0,0,0,0,0,0,0,0,0,0,1,0,0
694,1250.0,3,3.0,0,0,0,0,0,0,0,0,0,1,0,0
695,1800.0,3,3.0,0,0,0,0,0,0,0,0,0,1,0,0
696,1400.0,3,2.0,0,0,0,0,0,0,0,0,0,1,0,0
697,1000.0,3,3.0,0,0,0,0,0,0,0,0,0,1,0,0
698,1800.0,4,2.0,0,0,0,0,0,0,0,0,0,1,0,0
699,1500.0,3,3.0,1,0,0,0,0,0,0,0,0,0,0,0
700,1600.0,3,3.0,1,0,0,0,0,0,0,0,0,0,0,0
701,1400.0,3,3.0,1,0,0,0,0,0,0,0,0,0,0,0
702,1400.0,3,2.0,1,0,0,0,0,0,0,0,0,0,0,0
703,2700.0,4,4.0,1,0,0,0,0,0,0,0,0,0,0,0
704,1100.0,2,2.0,1,0,0,0,0,0,0,0,0,0,0,0
705,1200.0,2,2.0,1,0,0,0,0,0,0,0,0,0,0,0
706,1400.0,2,2.0,1,0,0,0,0,0,0,0,0,0,0,0
707,1500.0,3,3.0,1,0,0,0,0,0,0,0,0,0,0,0
708,1320.0,3,2.0,1,0,0,0,0,0,0,0,0,0,0,0
709,1300.0,3,3.0,1,0,0,0,0,0,0,0,0,0,0,0
710,1150.0,2,2.0,1,0,0,0,0,0,0,0,0,0,0,0
711,1440.0,3,3.0,1,0,0,0,0,0,0,0,0,0,0,0
712,1400.0,2,2.0,1,0,0,0,0,0,0,0,0,0,0,0
713,450.0,1,1.0,1,0,0,0,0,0,0,0,0,0,0,0
714,1300.0,2,2.0,1,0,0,0,0,0,0,0,0,0,0,0
715,1200.0,2,2.0,1,0,0,0,0,0,0,0,0,0,0,0
716,1300.0,3,2.0,1,0,0,0,0,0,0,0,0,0,0,0
717,1400.0,3,3.0,1,0,0,0,0,0,0,0,0,0,0,0
718,1400.0,3,3.0,1,0,0,0,0,0,0,0,0,0,0,0
719,1500.0,3,2.0,1,0,0,0,0,0,0,0,0,0,0,0
720,1600.0,4,2.0,0,0,0,0,0,0,0,0,0,0,1,0
721,1200.0,10,4.0,0,0,0,0,0,0,0,0,0,0,1,0
722,1600.0,4,2.0,0,0,0,0,0,0,0,0,0,0,1,0
723,1250.0,3,2.0,0,0,0,0,0,0,0,0,0,0,1,0
724,950.0,2,2.0,0,0,0,0,0,0,0,0,0,0,1,0
725,1200.0,3,3.0,0,0,0,0,0,0,0,0,0,0,1,0
726,1400.0,4,2.0,0,0,0,0,0,0,0,0,0,0,1,0
727,950.0,2,2.0,0,0,0,0,0,0,0,0,0,0,1,0
728,1350.0,3,3.0,0,0,0,0,0,0,0,0,0,0,1,0
729,1550.0,4,2.0,0,0,0,0,0,0,0,0,0,0,1,0
730,1300.0,3,2.0,0,0,0,0,0,0,0,0,0,0,1,0
731,1000.0,2,2.0,0,0,0,0,0,0,0,0,0,0,1,0
732,1500.0,3,3.0,0,0,0,0,0,0,0,0,0,0,1,0
733,950.0,2,2.0,0,0,0,0,0,0,0,0,0,0,1,0
734,1200.0,3,2.0,0,0,0,0,0,0,0,0,0,0,1,0
735,1400.0,4,2.0,0,0,0,0,0,0,0,0,0,0,1,0
736,1500.0,4,2.0,0,0,0,0,0,0,0,0,0,0,1,0
737,1050.0,2,2.0,0,0,0,0,0,0,0,0,0,0,1,0
738,1550.0,4,2.0,0,0,0,0,0,0,0,0,0,0,1,0
739,950.0,2,2.0,0,0,0,0,0,0,0,0,0,0,1,0
740,1150.0,2,2.0,0,0,0,0,0,0,0,0,0,0,1,0
741,1150.0,2,2.0,0,0,0,0,0,0,0,0,0,0,1,0
742,1150.0,2,2.0,0,0,0,0,0,0,0,0,0,0,1,0
743,1500.0,3,2.0,0,0,0,0,0,0,0,0,0,0,1,0
744,1800.0,4,4.0,0,0,0,0,0,0,0,0,0,0,1,0
745,1300.0,3,3.0,0,0,0,0,0,0,0,0,0,0,1,0
746,1150.0,2,2.0,0,0,0,0,0,0,0,0,0,0,1,0
747,1500.0,3,2.0,0,0,0,0,0,0,0,0,0,0,1,0
748,1150.0,2,2.0,0,0,0,0,0,0,0,0,0,0,1,0
749,900.0,3,2.0,0,0,0,0,0,0,0,0,0,0,1,0
750,1150.0,3,2.0,0,0,0,0,0,0,0,0,0,0,1,0
751,1000.0,3,3.0,0,0,0,0,0,0,0,0,0,0,1,0
752,450.0,1,1.0,0,0,0,0,0,0,0,0,0,0,1,0
753,1350.0,3,3.0,0,0,0,0,0,0,0,0,0,0,1,0
754,445.0,1,2.0,0,0,0,0,0,0,0,0,0,0,1,0
755,1200.0,2,2.0,0,0,0,0,0,0,0,0,0,0,1,0
756,50.0,1,1.0,0,0,0,0,0,0,0,0,0,0,1,0
757,1100.0,2,2.0,0,0,0,0,0,0,0,0,0,0,1,0
758,700.0,2,2.0,0,0,0,0,0,0,0,0,0,0,1,0
759,500.0,1,1.0,0,0,0,0,0,0,0,0,0,0,1,0
760,540.0,1,1.0,0,0,0,0,0,0,0,0,0,0,1,0
761,450.0,1,1.0,0,0,0,0,0,0,0,0,0,0,1,0
762,800.0,2,2.0,0,0,0,0,0,0,0,0,0,0,1,0
763,700.0,2,2.0,0,0,0,0,0,0,0,0,0,0,1,0
764,750.0,2,2.0,0,0,0,0,0,0,0,0,0,0,1,0
765,750.0,2,2.0,0,0,0,0,0,0,0,0,0,0,1,0
766,1600.0,3,3.0,0,0,0,0,0,0,0,0,0,0,1,0
767,1000.0,3,2.0,0,0,0,0,0,0,0,0,0,0,1,0
768,1600.0,3,3.0,0,0,0,0,0,0,0,0,0,0,1,0
769,900.0,3,2.0,0,0,0,0,0,0,0,0,0,0,1,0
770,1700.0,3,3.0,0,0,0,0,0,0,0,0,0,0,1,0
771,1100.0,3,2.0,0,0,0,0,0,0,0,0,0,0,1,0
772,1000.0,3,3.0,0,0,0,0,0,0,0,0,0,0,1,0
773,1000.0,3,2.0,0,0,0,0,0,0,0,0,0,0,1,0
774,1100.0,3,2.0,0,0,0,0,0,0,0,0,0,0,1,0
775,765.0,3,2.0,0,0,0,0,0,0,0,0,0,0,1,0
776,900.0,2,2.0,0,0,0,0,0,0,0,0,0,0,1,0
777,600.0,2,2.0,0,0,0,0,0,0,0,0,0,0,1,0
778,360.0,1,1.0,0,0,0,0,0,0,0,0,0,0,1,0
779,950.0,3,2.0,0,0,0,0,0,0,0,0,0,0,1,0
780,3600.0,2,2.0,0,0,0,0,0,0,0,0,0,0,1,0
781,1305.0,4,3.0,0,0,0,0,0,0,0,0,0,0,1,0
782,1800.0,3,4.0,0,0,0,0,0,0,0,0,0,0,1,0
783,950.0,3,2.0,0,0,0,0,0,0,0,0,0,0,1,0
784,800.0,2,2.0,0,0,0,0,0,0,0,0,0,0,1,0
785,1800.0,4,4.0,0,0,0,0,0,0,0,0,0,0,1,0
786,800.0,2,2.0,0,0,0,0,0,0,0,0,0,0,1,0
787,675.0,2,2.0,0,0,0,0,0,0,0,0,0,0,1,0
788,1175.0,3,3.0,0,0,0,0,0,0,0,0,0,0,1,0
789,1500.0,3,3.0,0,0,0,0,0,0,0,0,0,0,1,0
790,810.0,2,2.0,0,0,0,0,0,0,0,0,0,0,1,0
791,630.0,2,2.0,0,0,0,0,0,0,0,0,0,0,1,0
792,650.0,2,2.0,0,0,0,0,0,0,0,0,0,0,1,0
793,1800.0,4,4.0,0,0,0,0,0,0,0,0,0,0,1,0
794,725.0,2,2.0,0,0,0,0,0,0,0,0,0,0,1,0
795,900.0,3,2.0,0,0,0,0,0,0,0,0,0,0,1,0
796,750.0,2,2.0,0,0,0,0,0,0,0,0,0,0,1,0
797,700.0,2,2.0,0,0,0,0,0,0,0,0,0,0,1,0
798,950.0,3,2.0,0,0,0,0,0,0,0,0,0,0,1,0
799,1600.0,3,4.0,0,0,0,0,0,0,0,0,0,0,1,0
800,900.0,2,2.0,0,0,0,0,0,0,0,0,0,0,1,0
801,1500.0,3,3.0,0,0,0,0,0,0,0,0,0,0,1,0
802,500.0,2,1.0,0,0,0,0,0,0,0,0,0,0,1,0
803,1035.0,3,3.0,0,0,0,0,0,0,0,0,0,0,1,0
804,825.0,3,2.0,0,0,0,0,0,0,0,0,0,0,1,0
805,1300.0,3,3.0,0,0,0,0,0,0,0,0,0,0,1,0
806,765.0,2,2.0,0,0,0,0,0,0,0,0,0,0,1,0
807,580.0,1,1.0,0,0,0,0,0,0,0,0,0,0,1,0
808,1750.0,3,3.0,0,0,0,0,0,0,0,0,0,0,1,0
809,650.0,2,2.0,0,0,0,0,0,0,0,0,0,0,1,0
810,405.0,1,1.0,0,0,0,0,0,0,0,0,0,0,1,0
811,675.0,2,1.0,0,0,0,0,0,0,0,0,0,0,1,0
812,850.0,2,2.0,0,0,0,0,0,0,0,0,0,0,1,0
813,800.0,3,3.0,0,0,0,0,0,0,0,0,0,0,1,0
814,405.0,1,1.0,0,0,0,0,0,0,0,0,0,0,1,0
815,1350.0,3,3.0,0,0,0,0,0,0,0,0,0,0,1,0
816,1350.0,3,3.0,0,0,0,0,0,0,0,0,0,0,1,0
817,450.0,1,1.0,0,0,0,0,0,0,0,0,0,0,1,0
818,1300.0,3,3.0,0,0,0,0,0,0,0,0,0,0,1,0
819,1050.0,3,2.0,0,0,0,0,0,0,0,0,0,0,1,0
820,1675.0,4,3.0,0,0,0,0,0,0,0,0,0,0,1,0
821,1250.0,3,3.0,0,0,0,0,0,0,0,0,0,0,1,0
822,1080.0,3,3.0,0,0,0,0,0,0,0,0,0,0,1,0
823,1170.0,3,3.0,0,0,0,0,0,0,0,0,0,0,1,0
824,1250.0,3,2.0,0,0,0,0,0,0,0,0,0,0,1,0
825,1500.0,3,3.0,0,0,0,0,0,0,0,0,0,0,1,0
826,1350.0,3,3.0,0,0,0,0,0,0,0,0,0,0,1,0
827,855.0,2,2.0,0,0,0,0,0,0,0,0,0,0,1,0
828,540.0,1,1.0,0,0,0,0,0,0,0,0,0,0,1,0
829,1044.0983,3,2.0,0,0,0,0,0,0,0,0,0,0,1,0
830,405.0,1,1.0,0,0,0,0,0,0,0,0,0,0,1,0
831,500.0,1,2.0,0,0,0,0,0,0,0,0,0,0,1,0
832,450.0,1,1.0,0,0,0,0,0,0,0,0,0,0,1,0
833,405.0,1,1.0,0,0,0,0,0,0,0,0,0,0,1,0
834,405.0,1,1.0,0,0,0,0,0,0,0,0,0,0,1,0
835,450.0,1,1.0,0,0,0,0,0,0,0,0,0,0,1,0
836,173.0,2,2.0,0,0,0,0,0,0,0,0,0,0,1,0
837,1100.0,3,2.0,0,0,0,0,0,0,0,0,0,0,1,0
838,600.0,2,2.0,0,0,0,0,0,0,0,0,0,0,1,0
839,800.0,3,2.0,0,0,0,0,0,0,0,0,0,0,1,0
840,990.0,4,3.0,0,0,0,0,0,0,0,0,0,0,1,0
841,1100.0,3,2.0,0,0,0,0,0,0,0,0,0,0,1,0
842,1100.0,3,2.0,0,0,0,0,0,0,0,0,0,0,1,0
843,527.0,2,2.0,0,0,0,0,0,0,0,0,0,0,1,0
844,1000.0,2,2.0,0,0,0,0,0,0,0,0,0,0,1,0
845,1000.0,3,2.0,0,0,0,0,0,0,0,0,0,0,1,0
846,450.0,1,1.0,0,0,0,0,0,0,0,0,0,0,1,0
847,600.0,2,2.0,0,0,0,0,0,0,0,0,0,0,1,0
848,950.0,3,2.0,0,0,0,0,0,0,0,0,0,0,1,0
849,855.0,3,2.0,0,0,0,0,0,0,0,0,0,0,1,0
850,770.0,2,2.0,0,0,0,0,0,0,0,0,0,0,1,0
851,810.0,3,2.0,0,0,0,0,0,0,0,0,0,0,1,0
852,710.0,2,2.0,0,0,0,0,0,0,0,0,0,0,1,0
853,950.0,3,2.0,0,0,0,0,0,0,0,0,0,0,1,0
854,450.0,1,1.0,0,0,0,0,0,0,0,0,0,0,1,0
855,500.0,2,2.0,0,0,0,0,0,0,0,0,0,0,1,0
856,600.0,2,1.0,0,0,0,0,0,0,0,0,0,0,1,0
857,420.0,1,1.0,0,0,0,0,0,0,0,0,0,0,1,0
858,900.0,3,2.0,0,0,0,0,0,0,0,0,0,0,1,0
859,945.0,3,2.0,0,0,0,0,0,0,0,0,0,0,1,0
860,565.0,2,2.0,0,0,0,0,0,0,0,0,0,0,1,0
861,450.0,2,1.0,0,0,0,0,0,0,0,0,0,0,1,0
862,430.0,1,1.0,0,0,0,0,0,0,0,0,0,0,1,0
863,550.0,2,2.0,0,0,0,0,0,0,0,0,0,0,1,0
864,810.0,3,2.0,0,0,0,0,0,0,0,0,0,0,1,0
865,720.0,3,2.0,0,0,0,0,0,0,0,0,0,0,1,0
866,360.0,2,1.0,0,0,0,0,0,0,0,0,0,0,1,0
867,820.0,3,2.0,0,0,0,0,0,0,0,0,0,0,1,0
868,459.0,2,2.0,0,0,0,0,0,0,0,0,0,0,1,0
869,378.0,1,2.0,0,0,0,0,0,0,0,0,0,0,1,0
870,450.0,1,1.0,0,0,0,0,0,0,0,0,0,0,1,0
871,900.0,2,2.0,0,0,0,0,0,0,0,0,0,0,1,0
872,360.0,1,1.0,0,0,0,0,0,0,0,0,0,0,1,0
873,559.7228,2,2.0,0,0,0,0,0,0,0,0,0,0,1,0
874,350.0,1,1.0,0,0,0,0,0,0,0,0,0,0,1,0
875,365.0,1,1.0,0,0,0,0,0,0,0,0,0,0,1,0
876,390.0,1,1.0,0,0,0,0,0,0,0,0,0,0,1,0
877,350.0,1,1.0,0,0,0,0,0,0,0,0,0,0,1,0
878,210.0,1,1.0,0,0,0,0,0,0,0,0,0,0,1,0
879,50.0,1,1.0,0,0,0,0,0,0,0,0,0,0,1,0
880,500.0,1,1.0,0,0,0,0,0,0,0,0,0,0,1,0
881,350.0,1,1.0,0,0,0,0,0,0,0,0,0,0,1,0
882,379.0,1,1.0,0,0,0,0,0,0,0,0,0,0,1,0
883,236.8058,1,1.0,0,0,0,0,0,0,0,0,0,0,1,0
884,445.0,1,1.0,0,0,0,0,0,0,0,0,0,0,1,0
885,452.0838,2,1.0,0,0,0,0,0,0,0,0,0,0,1,0
886,350.0,1,1.0,0,0,0,0,0,0,0,0,0,0,1,0
887,437.0,1,1.0,0,0,0,0,0,0,0,0,0,0,1,0
888,61.0,3,3.0,0,0,0,0,0,0,0,0,0,0,1,0
889,495.0,2,2.0,0,0,0,0,0,0,0,0,0,0,1,0
890,900.0,2,2.0,0,0,0,0,0,0,0,0,0,0,1,0
891,350.0,1,1.0,0,0,0,0,0,0,0,0,0,0,1,0
892,585.0,2,2.0,0,0,0,0,0,0,0,0,0,0,1,0
893,198.0,1,1.0,0,0,0,0,0,0,0,0,0,0,1,0
894,4900.0,1,1.0,0,0,0,0,0,0,0,0,0,0,1,0
895,2077.4327,1,1.0,0,0,0,0,0,0,0,0,0,0,1,0
896,50.0,1,1.0,0,0,0,0,0,0,0,0,0,0,1,0
897,990.0,3,2.0,0,0,0,0,0,0,0,0,0,0,1,0
898,425.0,1,1.0,0,0,0,0,0,0,0,0,0,0,1,0
899,750.0,2,2.0,0,0,0,0,0,0,0,0,0,0,1,0
900,1400.0,3,3.0,0,0,0,0,0,0,0,0,0,0,1,0
901,3600.0,4,4.0,0,0,0,0,0,0,0,0,0,0,1,0
902,3000.0,4,5.0,0,0,0,0,0,0,0,0,0,0,1,0
903,2750.0,4,5.0,0,0,0,0,0,0,0,0,0,0,1,0
904,2050.0,4,4.0,0,0,0,0,0,0,0,0,0,0,1,0
905,3000.0,4,4.0,0,0,0,0,0,0,0,0,0,0,1,0
906,850.0,2,2.0,0,0,0,0,0,0,0,0,0,0,1,0
907,750.0,2,2.0,0,0,0,0,0,0,0,0,0,0,1,0
908,2600.0,4,5.0,0,0,0,0,0,0,0,0,0,0,1,0
909,800.0,2,2.0,0,0,0,0,0,0,0,0,0,0,1,0
910,550.0,2,2.0,0,0,0,0,0,0,0,0,0,0,1,0
911,700.0,2,2.0,0,0,0,0,0,0,0,0,0,0,1,0
912,2316.0,3,4.0,0,0,0,0,0,0,0,0,0,0,1,0
913,900.0,3,2.0,0,0,0,0,0,0,0,0,0,0,1,0
914,100.0,3,2.0,0,0,0,0,0,0,0,0,0,0,1,0
915,900.0,2,3.0,0,0,0,0,0,0,0,0,0,0,1,0
916,1500.0,2,2.0,0,0,0,0,0,0,0,0,0,0,1,0
917,650.0,3,2.0,0,0,0,0,0,0,0,0,0,0,1,0
918,2000.0,4,4.0,0,0,0,0,0,0,0,0,0,0,1,0
919,500.0,1,1.0,0,0,0,0,0,0,0,0,0,0,1,0
920,1125.0,2,2.0,0,0,0,0,0,0,0,0,0,0,1,0
921,1300.0,3,3.0,0,0,0,0,0,0,0,0,0,0,1,0
922,2500.0,4,5.0,0,0,0,0,0,0,0,0,0,0,1,0
923,2200.0,4,5.0,0,0,0,0,0,0,0,0,0,0,1,0
924,1290.0,3,2.0,0,0,0,0,0,0,0,0,0,0,1,0
925,2250.0,4,4.0,0,0,0,0,0,0,0,0,0,0,1,0
926,1350.0,3,3.0,0,0,0,0,0,0,0,0,0,0,1,0
927,1400.0,3,3.0,0,0,0,0,0,0,0,0,0,0,1,0
928,1700.0,3,3.0,0,0,0,0,0,0,0,0,0,0,1,0
929,450.0,1,1.0,0,0,0,0,0,0,0,0,0,0,1,0
930,750.0,2,1.0,0,0,0,0,0,0,0,0,0,0,1,0
931,1500.0,4,1.0,0,0,0,0,0,0,0,0,0,0,1,0
932,400.0,1,1.0,0,0,0,0,0,0,0,0,0,0,1,0
933,650.0,2,2.0,0,0,0,0,0,0,0,0,0,0,1,0
934,900.0,2,2.0,0,0,0,0,0,0,0,0,0,0,1,0
935,400.0,1,1.0,0,0,0,0,0,0,0,0,0,0,1,0
936,900.0,3,2.0,0,0,0,0,0,0,0,0,0,0,1,0
937,1000.0,3,2.0,0,0,0,0,0,0,0,0,0,0,1,0
938,405.0,1,1.0,0,0,0,0,0,0,0,0,0,0,1,0
939,1700.0,3,2.0,0,0,0,0,0,0,0,0,0,0,1,0
940,800.0,3,2.0,0,0,0,0,0,0,0,0,0,0,1,0
941,1076.39,3,2.0,0,0,0,0,0,0,0,0,0,0,1,0
942,750.0,2,1.0,0,0,0,0,0,0,0,0,0,0,1,0
943,460.0,2,1.0,0,0,0,0,0,0,0,0,0,0,1,0
944,370.0,1,1.0,0,0,0,1,0,0,0,0,0,0,0,0
945,1800.0,3,3.0,0,0,0,1,0,0,0,0,0,0,0,0
946,1080.0,3,1.0,0,0,0,1,0,0,0,0,0,0,0,0
947,350.0,1,1.0,0,0,0,1,0,0,0,0,0,0,0,0
948,500.0,2,1.0,0,0,0,1,0,0,0,0,0,0,0,0
949,900.0,3,2.0,0,0,0,1,0,0,0,0,0,0,0,0
950,800.0,2,2.0,0,0,0,1,0,0,0,0,0,0,0,0
951,350.0,1,1.0,0,0,0,1,0,0,0,0,0,0,0,0
952,430.556,1,1.0,0,0,0,1,0,0,0,0,0,0,0,0
953,500.0,1,1.0,0,0,0,1,0,0,0,0,0,0,0,0
954,1450.0,2,2.0,0,0,0,1,0,0,0,0,0,0,0,0
955,800.0,2,2.0,0,0,0,1,0,0,0,0,0,0,0,0
956,1000.0,2,2.0,0,0,0,1,0,0,0,0,0,0,0,0
957,1000.0,3,3.0,0,0,0,1,0,0,0,0,0,0,0,0
958,1600.0,3,2.0,0,0,0,1,0,0,0,0,0,0,0,0
959,900.0,2,2.0,0,0,0,1,0,0,0,0,0,0,0,0
960,1500.0,3,3.0,0,0,0,1,0,0,0,0,0,0,0,0
961,1050.0,2,2.0,0,0,0,1,0,0,0,0,0,0,0,0
962,1300.0,3,2.0,0,0,0,1,0,0,0,0,0,0,0,0
963,1600.0,4,3.0,0,0,0,1,0,0,0,0,0,0,0,0
964,900.0,2,2.0,0,0,0,1,0,0,0,0,0,0,0,0
965,1350.0,4,4.0,0,0,0,1,0,0,0,0,0,0,0,0
966,1000.0,3,2.0,0,0,0,1,0,0,0,0,0,0,0,0
967,1400.0,3,2.0,0,0,0,1,0,0,0,0,0,0,0,0
968,975.0,3,2.0,0,0,0,1,0,0,0,0,0,0,0,0
969,900.0,2,2.0,0,0,0,1,0,0,0,0,0,0,0,0
970,1100.0,2,2.0,0,0,0,1,0,0,0,0,0,0,0,0
971,950.0,2,2.0,0,0,0,1,0,0,0,0,0,0,0,0
972,1300.0,3,3.0,0,0,0,1,0,0,0,0,0,0,0,0
973,1459.0,3,3.0,0,0,0,1,0,0,0,0,0,0,0,0
974,1000.0,2,2.0,0,0,0,1,0,0,0,0,0,0,0,0
975,1100.0,2,2.0,0,0,0,1,0,0,0,0,0,0,0,0
976,1450.0,3,2.0,0,0,0,1,0,0,0,0,0,0,0,0
977,1450.0,3,3.0,0,0,0,1,0,0,0,0,0,0,0,0
978,1150.0,3,3.0,0,0,0,1,0,0,0,0,0,0,0,0
979,780.0,2,2.0,0,0,0,1,0,0,0,0,0,0,0,0
980,1300.0,3,2.0,0,0,0,1,0,0,0,0,0,0,0,0
981,1350.0,3,3.0,0,0,0,1,0,0,0,0,0,0,0,0
982,1200.0,3,2.0,0,0,0,1,0,0,0,0,0,0,0,0
983,1460.0,3,3.0,0,0,0,1,0,0,0,0,0,0,0,0
984,1460.0,3,3.0,0,0,0,1,0,0,0,0,0,0,0,0
985,1100.0,2,2.0,0,0,0,1,0,0,0,0,0,0,0,0
986,1500.0,3,3.0,0,0,0,1,0,0,0,0,0,0,0,0
987,1050.0,2,2.0,0,0,0,1,0,0,0,0,0,0,0,0
988,1350.0,3,3.0,0,0,0,1,0,0,0,0,0,0,0,0
989,1500.0,2,2.0,0,0,0,1,0,0,0,0,0,0,0,0
990,976.0,2,2.0,0,0,0,1,0,0,0,0,0,0,0,0
991,540.0,2,1.0,0,0,0,1,0,0,0,0,0,0,0,0
992,450.0,1,1.0,0,0,0,1,0,0,0,0,0,0,0,0
993,900.0,2,2.0,0,0,0,1,0,0,0,0,0,0,0,0
994,2500.0,4,4.0,0,0,0,1,0,0,0,0,0,0,0,0
995,979.5149,2,2.0,0,0,0,1,0,0,0,0,0,0,0,0
996,945.0,2,2.0,0,0,0,1,0,0,0,0,0,0,0,0
997,976.0,2,2.0,0,0,0,1,0,0,0,0,0,0,0,0
998,1531.0,2,2.0,0,0,0,1,0,0,0,0,0,0,0,0
999,1000.0,2,2.0,0,0,0,1,0,0,0,0,0,0,0,0
1000,750.0,3,2.0,0,0,0,1,0,0,0,0,0,0,0,0
1001,900.0,3,2.0,0,0,0,1,0,0,0,0,0,0,0,0
1002,1512.0,2,2.0,0,0,0,1,0,0,0,0,0,0,0,0
1003,35.0,3,2.0,0,0,0,1,0,0,0,0,0,0,0,0
1004,1500.0,3,2.0,0,0,0,1,0,0,0,0,0,0,0,0
1005,2907.0,4,4.0,0,0,0,1,0,0,0,0,0,0,0,0
1006,2210.0,4,3.0,0,0,0,1,0,0,0,0,0,0,0,0
1007,750.0,2,2.0,0,0,0,1,0,0,0,0,0,0,0,0
1008,2518.7526,4,5.0,0,0,0,1,0,0,0,0,0,0,0,0
1009,588.0,2,2.0,0,0,0,1,0,0,0,0,0,0,0,0
1010,540.0,2,1.0,0,0,0,1,0,0,0,0,0,0,0,0
1011,1100.0,3,3.0,0,0,0,1,0,0,0,0,0,0,0,0
1012,550.0,2,1.0,0,0,0,1,0,0,0,0,0,0,0,0
1013,750.0,3,2.0,0,0,0,1,0,0,0,0,0,0,0,0
1014,1260.0,3,2.0,0,0,0,1,0,0,0,0,0,0,0,0
1015,675.0,2,2.0,0,0,0,1,0,0,0,0,0,0,0,0
1016,810.0,2,2.0,0,0,0,1,0,0,0,0,0,0,0,0
1017,3150.0,4,5.0,0,0,0,1,0,0,0,0,0,0,0,0
1018,2000.0,4,4.0,0,0,0,1,0,0,0,0,0,0,0,0
1019,1775.0,3,3.0,0,0,0,1,0,0,0,0,0,0,0,0
1020,1135.0,3,3.0,0,0,0,1,0,0,0,0,0,0,0,0
1021,1252.0,2,2.0,0,0,0,1,0,0,0,0,0,0,0,0
1022,2000.0,4,4.0,0,0,0,1,0,0,0,0,0,0,0,0
1023,530.0,4,1.0,0,0,0,1,0,0,0,0,0,0,0,0
1024,1332.0,3,2.0,0,0,0,1,0,0,0,0,0,0,0,0
1025,1017.0,3,3.0,0,0,0,1,0,0,0,0,0,0,0,0
1026,1775.0,3,3.0,0,0,0,1,0,0,0,0,0,0,0,0
1027,987.0,2,2.0,0,0,0,1,0,0,0,0,0,0,0,0
1028,1912.0,3,3.0,0,0,0,1,0,0,0,0,0,0,0,0
1029,5236.0,5,7.0,0,0,0,1,0,0,0,0,0,0,0,0
1030,2805.0,4,4.0,0,0,0,1,0,0,0,0,0,0,0,0
1031,1500.0,3,3.0,0,0,0,1,0,0,0,0,0,0,0,0
1032,1280.0,3,3.0,0,0,0,1,0,0,0,0,0,0,0,0
1033,1775.0,3,3.0,0,0,0,1,0,0,0,0,0,0,0,0
1034,675.0,2,2.0,0,0,0,1,0,0,0,0,0,0,0,0
1035,576.0,2,2.0,0,0,0,1,0,0,0,0,0,0,0,0
1036,1206.0,3,3.0,0,0,0,1,0,0,0,0,0,0,0,0
1037,1143.0,2,2.0,0,0,0,1,0,0,0,0,0,0,0,0
1038,345.0,1,1.0,0,0,0,1,0,0,0,0,0,0,0,0
1039,720.0,2,1.0,0,0,0,1,0,0,0,0,0,0,0,0
1040,468.0,2,2.0,0,0,0,1,0,0,0,0,0,0,0,0
1041,1600.0,3,3.0,0,0,0,1,0,0,0,0,0,0,0,0
1042,950.0,2,2.0,0,0,0,1,0,0,0,0,0,0,0,0
1043,535.0,2,1.0,0,0,0,1,0,0,0,0,0,0,0,0
1044,1200.0,3,2.0,0,0,0,1,0,0,0,0,0,0,0,0
1045,1501.0,3,2.0,0,0,0,1,0,0,0,0,0,0,0,0
1046,1135.0,3,3.0,0,0,0,1,0,0,0,0,0,0,0,0
1047,1200.0,3,2.0,0,0,0,1,0,0,0,0,0,0,0,0
1048,2200.0,3,3.0,0,0,0,1,0,0,0,0,0,0,0,0
1049,1240.0,3,3.0,0,0,0,1,0,0,0,0,0,0,0,0
1050,3002.0,4,5.0,0,0,0,1,0,0,0,0,0,0,0,0
1051,1350.0,3,2.0,0,0,0,1,0,0,0,0,0,0,0,0
1052,2300.0,4,5.0,0,0,0,1,0,0,0,0,0,0,0,0
1053,1429.0,3,3.0,0,0,0,1,0,0,0,0,0,0,0,0
1054,2430.0,4,5.0,0,0,0,1,0,0,0,0,0,0,0,0
1055,1450.0,3,3.0,0,0,0,1,0,0,0,0,0,0,0,0
1056,1250.0,2,2.0,0,0,0,1,0,0,0,0,0,0,0,0
1057,2800.0,4,4.0,0,0,0,1,0,0,0,0,0,0,0,0
1058,1646.0,3,3.0,0,0,0,1,0,0,0,0,0,0,0,0
1059,900.0,2,2.0,0,0,0,1,0,0,0,0,0,0,0,0
1060,1250.0,3,2.0,0,0,0,1,0,0,0,0,0,0,0,0
1061,900.0,3,2.0,0,0,0,1,0,0,0,0,0,0,0,0
1062,1590.0,3,2.0,0,0,0,1,0,0,0,0,0,0,0,0
1063,990.0,3,2.0,0,0,0,1,0,0,0,0,0,0,0,0
1064,2282.0,4,5.0,0,0,0,1,0,0,0,0,0,0,0,0
1065,1260.0,3,3.0,0,0,0,1,0,0,0,0,0,0,0,0
1066,1457.0,3,3.0,0,0,0,1,0,0,0,0,0,0,0,0
1067,1400.0,3,2.0,0,0,0,1,0,0,0,0,0,0,0,0
1068,2175.0,4,4.0,0,0,0,1,0,0,0,0,0,0,0,0
1069,1450.0,3,3.0,0,0,0,1,0,0,0,0,0,0,0,0
1070,2800.0,4,5.0,0,0,0,1,0,0,0,0,0,0,0,0
1071,861.112,2,2.0,0,0,0,1,0,0,0,0,0,0,0,0
1072,2282.0,4,5.0,0,0,0,1,0,0,0,0,0,0,0,0
1073,1753.0,3,3.0,0,0,0,1,0,0,0,0,0,0,0,0
1074,2659.0,4,5.0,0,0,0,1,0,0,0,0,0,0,0,0
1075,1550.0,3,2.0,0,0,0,1,0,0,0,0,0,0,0,0
1076,1470.0,3,2.0,0,0,0,1,0,0,0,0,0,0,0,0
1077,702.0,3,2.0,0,0,0,1,0,0,0,0,0,0,0,0
1078,1138.0,2,2.0,0,0,0,1,0,0,0,0,0,0,0,0
1079,1600.0,3,3.0,0,0,0,1,0,0,0,0,0,0,0,0
1080,1600.0,3,3.0,0,0,0,1,0,0,0,0,0,0,0,0
1081,1250.0,2,4.0,0,0,0,1,0,0,0,0,0,0,0,0
1082,810.0,3,2.0,0,0,0,1,0,0,0,0,0,0,0,0
1083,585.0,2,2.0,0,0,0,1,0,0,0,0,0,0,0,0
1084,1700.0,3,3.0,0,0,0,1,0,0,0,0,0,0,0,0
1085,1800.0,3,4.0,0,0,0,1,0,0,0,0,0,0,0,0
1086,600.0,1,1.0,0,0,0,1,0,0,0,0,0,0,0,0
1087,1250.0,3,3.0,0,0,0,1,0,0,0,0,0,0,0,0
1088,600.0,3,2.0,0,0,0,1,0,0,0,0,0,0,0,0
1089,1600.0,3,4.0,0,0,0,1,0,0,0,0,0,0,0,0
1090,1100.0,3,2.0,0,0,0,1,0,0,0,0,0,0,0,0
1091,450.0,1,1.0,0,0,0,1,0,0,0,0,0,0,0,0
1092,855.0,3,2.0,0,0,0,1,0,0,0,0,0,0,0,0
1093,1291.6680000000001,3,2.0,0,0,0,1,0,0,0,0,0,0,0,0
1094,1300.0,2,2.0,0,0,0,1,0,0,0,0,0,0,0,0
1095,1350.0,3,3.0,0,0,0,1,0,0,0,0,0,0,0,0
1096,900.0,2,2.0,0,0,0,1,0,0,0,0,0,0,0,0
1097,850.0,2,2.0,0,0,0,1,0,0,0,0,0,0,0,0
1098,1650.0,3,3.0,0,0,0,1,0,0,0,0,0,0,0,0
1099,650.0,2,2.0,0,0,0,1,0,0,0,0,0,0,0,0
1100,630.0,2,2.0,0,0,0,1,0,0,0,0,0,0,0,0
1101,1250.0,2,1.0,0,0,0,1,0,0,0,0,0,0,0,0
1102,1800.0,4,3.0,0,0,0,1,0,0,0,0,0,0,0,0
1103,1500.0,3,3.0,0,0,0,1,0,0,0,0,0,0,0,0
1104,1100.0,2,2.0,0,0,0,1,0,0,0,0,0,0,0,0
1105,1400.0,3,2.0,0,0,0,1,0,0,0,0,0,0,0,0
1106,1300.0,2,2.0,0,0,0,1,0,0,0,0,0,0,0,0
1107,1100.0,2,2.0,0,0,0,1,0,0,0,0,0,0,0,0
1108,1600.0,3,3.0,0,0,0,1,0,0,0,0,0,0,0,0
1109,2250.0,4,4.0,0,0,0,1,0,0,0,0,0,0,0,0
1110,2592.0,4,3.0,0,0,0,1,0,0,0,0,0,0,0,0
1111,1800.0,4,4.0,0,0,0,1,0,0,0,0,0,0,0,0
1112,1700.0,3,3.0,0,0,0,1,0,0,0,0,0,0,0,0
1113,1640.0,3,3.0,0,0,0,1,0,0,0,0,0,0,0,0
1114,2572.0,3,3.0,0,0,0,1,0,0,0,0,0,0,0,0
1115,2100.0,3,3.0,0,0,0,1,0,0,0,0,0,0,0,0
1116,1620.0,3,3.0,0,0,0,1,0,0,0,0,0,0,0,0
1117,2500.0,4,4.0,0,0,0,1,0,0,0,0,0,0,0,0
1118,2250.0,3,3.0,0,0,0,1,0,0,0,0,0,0,0,0
1119,2445.0,4,4.0,0,0,0,1,0,0,0,0,0,0,0,0
1120,2250.0,4,4.0,0,0,0,1,0,0,0,0,0,0,0,0
1121,800.0,2,2.0,0,0,0,1,0,0,0,0,0,0,0,0
1122,1450.0,3,3.0,0,0,0,1,0,0,0,0,0,0,0,0
1123,1440.0,3,3.0,0,0,0,1,0,0,0,0,0,0,0,0
1124,5220.0,5,5.0,0,0,0,1,0,0,0,0,0,0,0,0
1125,1800.0,3,3.0,0,0,0,1,0,0,0,0,0,0,0,0
1126,4455.0,5,5.0,0,0,0,1,0,0,0,0,0,0,0,0
1127,195.0,3,3.0,0,0,0,1,0,0,0,0,0,0,0,0
1128,807.2925,2,1.0,0,0,0,1,0,0,0,0,0,0,0,0
1129,3500.0,4,4.0,0,0,0,1,0,0,0,0,0,0,0,0
1130,1000.0,2,2.0,0,0,0,1,0,0,0,0,0,0,0,0
1131,900.0,2,2.0,0,0,0,1,0,0,0,0,0,0,0,0
1132,1800.0,3,3.0,0,0,0,1,0,0,0,0,0,0,0,0
1133,17010.0,3,3.0,0,0,0,1,0,0,0,0,0,0,0,0
1134,2340.0,4,4.0,0,0,0,1,0,0,0,0,0,0,0,0
1135,1350.0,3,3.0,0,0,0,1,0,0,0,0,0,0,0,0
1136,464.0,3,1.0,0,0,0,1,0,0,0,0,0,0,0,0
1137,954.0,2,2.0,0,0,0,1,0,0,0,0,0,0,0,0
1138,1155.0,2,2.0,1,0,0,0,0,0,0,0,0,0,0,0
1139,700.0,2,2.0,1,0,0,0,0,0,0,0,0,0,0,0
1140,980.0,2,2.0,1,0,0,0,0,0,0,0,0,0,0,0
1141,1350.0,3,3.0,1,0,0,0,0,0,0,0,0,0,0,0
1142,1800.0,3,3.0,1,0,0,0,0,0,0,0,0,0,0,0
1143,968.7510000000001,2,2.0,1,0,0,0,0,0,0,0,0,0,0,0
1144,1250.0,3,3.0,1,0,0,0,0,0,0,0,0,0,0,0
1145,1800.0,3,3.0,1,0,0,0,0,0,0,0,0,0,0,0
1146,1400.0,3,2.0,1,0,0,0,0,0,0,0,0,0,0,0
1147,1000.0,3,3.0,1,0,0,0,0,0,0,0,0,0,0,0
1148,1800.0,4,2.0,1,0,0,0,0,0,0,0,0,0,0,0
1149,1500.0,3,3.0,1,0,0,0,0,0,0,0,0,0,0,0
1150,1600.0,3,3.0,1,0,0,0,0,0,0,0,0,0,0,0
1151,1400.0,3,3.0,1,0,0,0,0,0,0,0,0,0,0,0
1152,1400.0,3,2.0,1,0,0,0,0,0,0,0,0,0,0,0
1153,2700.0,4,4.0,1,0,0,0,0,0,0,0,0,0,0,0
1154,1100.0,2,2.0,1,0,0,0,0,0,0,0,0,0,0,0
1155,1200.0,2,2.0,1,0,0,0,0,0,0,0,0,0,0,0
1156,1400.0,2,2.0,1,0,0,0,0,0,0,0,0,0,0,0
1157,1500.0,3,3.0,1,0,0,0,0,0,0,0,0,0,0,0
1158,1320.0,3,2.0,1,0,0,0,0,0,0,0,0,0,0,0
1159,1300.0,3,3.0,1,0,0,0,0,0,0,0,0,0,0,0
1160,1150.0,2,2.0,1,0,0,0,0,0,0,0,0,0,0,0
1161,1440.0,3,3.0,1,0,0,0,0,0,0,0,0,0,0,0
1162,1400.0,2,2.0,1,0,0,0,0,0,0,0,0,0,0,0
1163,450.0,1,1.0,1,0,0,0,0,0,0,0,0,0,0,0
1164,1300.0,2,2.0,1,0,0,0,0,0,0,0,0,0,0,0
1165,1200.0,2,2.0,1,0,0,0,0,0,0,0,0,0,0,0
1166,1300.0,3,2.0,1,0,0,0,0,0,0,0,0,0,0,0
1167,1400.0,3,3.0,1,0,0,0,0,0,0,0,0,0,0,0
1168,1400.0,3,3.0,1,0,0,0,0,0,0,0,0,0,0,0
1169,500.0,2,2.0,1,0,0,0,0,0,0,0,0,0,0,0
1170,700.0,2,2.0,1,0,0,0,0,0,0,0,0,0,0,0
1171,900.0,3,3.0,1,0,0,0,0,0,0,0,0,0,0,0
1172,1260.0,3,3.0,1,0,0,0,0,0,0,0,0,0,0,0
1173,950.0,3,2.0,1,0,0,0,0,0,0,0,0,0,0,0
1174,405.0,1,1.0,1,0,0,0,0,0,0,0,0,0,0,0
1175,1800.0,2,2.0,1,0,0,0,0,0,0,0,0,0,0,0
1176,1300.0,3,3.0,1,0,0,0,0,0,0,0,0,0,0,0
1177,1000.0,3,3.0,1,0,0,0,0,0,0,0,0,0,0,0
1178,900.0,3,2.0,1,0,0,0,0,0,0,0,0,0,0,0
1179,1800.0,3,3.0,1,0,0,0,0,0,0,0,0,0,0,0
1180,720.0,2,2.0,1,0,0,0,0,0,0,0,0,0,0,0
1181,1485.0,3,3.0,1,0,0,0,0,0,0,0,0,0,0,0
1182,1600.0,3,3.0,1,0,0,0,0,0,0,0,0,0,0,0
1183,1200.0,2,2.0,1,0,0,0,0,0,0,0,0,0,0,0
1184,900.0,2,2.0,1,0,0,0,0,0,0,0,0,0,0,0
1185,900.0,2,2.0,1,0,0,0,0,0,0,0,0,0,0,0
1186,800.0,2,2.0,1,0,0,0,0,0,0,0,0,0,0,0
1187,1150.0,2,3.0,1,0,0,0,0,0,0,0,0,0,0,0
1188,900.0,3,3.0,1,0,0,0,0,0,0,0,0,0,0,0
1189,1070.0,3,2.0,1,0,0,0,0,0,0,0,0,0,0,0
1190,1050.0,2,2.0,1,0,0,0,0,0,0,0,0,0,0,0
1191,1000.0,2,2.0,1,0,0,0,0,0,0,0,0,0,0,0
1192,1550.0,3,3.0,1,0,0,0,0,0,0,0,0,0,0,0
1193,1300.0,3,2.0,1,0,0,0,0,0,0,0,0,0,0,0
1194,810.0,2,2.0,1,0,0,0,0,0,0,0,0,0,0,0
1195,900.0,2,2.0,1,0,0,0,0,0,0,0,0,0,0,0
1196,1200.0,2,2.0,1,0,0,0,0,0,0,0,0,0,0,0
1197,1000.0,2,3.0,1,0,0,0,0,0,0,0,0,0,0,0
1198,720.0,2,2.0,1,0,0,0,0,0,0,0,0,0,0,0
1199,2520.0,3,3.0,1,0,0,0,0,0,0,0,0,0,0,0
1200,1700.0,3,4.0,1,0,0,0,0,0,0,0,0,0,0,0
1201,1800.0,3,3.0,1,0,0,0,0,0,0,0,0,0,0,0
1202,6000.0,5,5.0,1,0,0,0,0,0,0,0,0,0,0,0
1203,1800.0,4,4.0,1,0,0,0,0,0,0,0,0,0,0,0
1204,2000.0,3,3.0,1,0,0,0,0,0,0,0,0,0,0,0
1205,2066.0,4,4.0,1,0,0,0,0,0,0,0,0,0,0,0
1206,2050.0,3,3.0,1,0,0,0,0,0,0,0,0,0,0,0
1207,1100.0,3,3.0,1,0,0,0,0,0,0,0,0,0,0,0
1208,4500.0,4,4.0,1,0,0,0,0,0,0,0,0,0,0,0
1209,4500.0,4,5.0,1,0,0,0,0,0,0,0,0,0,0,0
1210,6500.0,4,5.0,1,0,0,0,0,0,0,0,0,0,0,0
1211,4350.0,4,6.0,1,0,0,0,0,0,0,0,0,0,0,0
1212,1750.0,3,3.0,1,0,0,0,0,0,0,0,0,0,0,0
1213,3600.0,4,4.0,1,0,0,0,0,0,0,0,0,0,0,0
1214,1200.0,2,2.0,1,0,0,0,0,0,0,0,0,0,0,0
1215,1500.0,3,4.0,1,0,0,0,0,0,0,0,0,0,0,0
1216,2250.0,4,4.0,1,0,0,0,0,0,0,0,0,0,0,0
1217,1800.0,3,4.0,1,0,0,0,0,0,0,0,0,0,0,0
1218,1600.0,3,4.0,1,0,0,0,0,0,0,0,0,0,0,0
1219,2800.0,4,5.0,1,0,0,0,0,0,0,0,0,0,0,0
1220,1700.0,3,3.0,1,0,0,0,0,0,0,0,0,0,0,0
1221,2400.0,4,5.0,1,0,0,0,0,0,0,0,0,0,0,0
1222,1980.0,3,4.0,1,0,0,0,0,0,0,0,0,0,0,0
1223,2100.0,4,5.0,1,0,0,0,0,0,0,0,0,0,0,0
1224,5400.0,4,4.0,1,0,0,0,0,0,0,0,0,0,0,0
1225,1250.0,3,3.0,1,0,0,0,0,0,0,0,0,0,0,0
1226,2300.0,4,4.0,1,0,0,0,0,0,0,0,0,0,0,0
1227,2700.0,4,4.0,1,0,0,0,0,0,0,0,0,0,0,0
1228,1450.0,3,3.0,1,0,0,0,0,0,0,0,0,0,0,0
1229,2097.0,3,3.0,1,0,0,0,0,0,0,0,0,0,0,0
1230,1250.0,3,3.0,1,0,0,0,0,0,0,0,0,0,0,0
1231,1600.0,3,3.0,0,0,1,0,0,0,0,0,0,0,0,0
1232,2600.0,4,5.0,0,0,1,0,0,0,0,0,0,0,0,0
1233,1700.0,3,3.0,0,0,1,0,0,0,0,0,0,0,0,0
1234,1116.0,3,3.0,0,0,1,0,0,0,0,0,0,0,0,0
1235,1070.0,2,3.0,0,0,1,0,0,0,0,0,0,0,0,0
1236,1200.0,3,3.0,0,0,1,0,0,0,0,0,0,0,0,0
1237,1200.0,3,3.0,0,0,1,0,0,0,0,0,0,0,0,0
1238,1200.0,3,3.0,0,0,1,0,0,0,0,0,0,0,0,0
1239,1450.0,3,3.0,0,0,1,0,0,0,0,0,0,0,0,0
1240,1000.0,2,2.0,0,0,1,0,0,0,0,0,0,0,0,0
1241,2430.0,4,4.0,0,0,1,0,0,0,0,0,0,0,0,0
1242,945.0,2,1.0,0,0,1,0,0,0,0,0,0,0,0,0
1243,1650.0,3,3.0,0,0,1,0,0,0,0,0,0,0,0,0
1244,1350.0,3,2.0,0,0,1,0,0,0,0,0,0,0,0,0
1245,2625.0,4,5.0,0,0,1,0,0,0,0,0,0,0,0,0
1246,1800.0,4,4.0,0,0,1,0,0,0,0,0,0,0,0,0
1247,125.0,3,3.0,0,0,1,0,0,0,0,0,0,0,0,0
1248,1440.0,3,3.0,0,0,1,0,0,0,0,0,0,0,0,0
1249,1900.0,3,4.0,0,0,1,0,0,0,0,0,0,0,0,0
1250,1800.0,3,3.0,0,0,1,0,0,0,0,0,0,0,0,0
1251,1200.0,3,2.0,0,0,1,0,0,0,0,0,0,0,0,0
1252,1800.0,3,3.0,0,0,1,0,0,0,0,0,0,0,0,0
1253,1200.0,3,3.0,0,0,1,0,0,0,0,0,0,0,0,0
1254,4118.0,4,5.0,0,0,1,0,0,0,0,0,0,0,0,0
1255,1050.0,3,2.0,0,0,1,0,0,0,0,0,0,0,0,0
1256,875.0,3,3.0,0,0,1,0,0,0,0,0,0,0,0,0
1257,990.0,2,2.0,0,0,1,0,0,0,0,0,0,0,0,0
1258,11050.0,3,3.0,0,0,1,0,0,0,0,0,0,0,0,0
